userId, name, email, location
1a2b3c4d-5e6f-7g8h-9i0j-k1l2m3n4o5p6, John Doe, johndoe@example.com, New York
1a2b3c4d-5e6f-7g8h-9i0j-k1l2m3n4o5p7, Jane Smith, janesmith@example.com, Los Angeles
1a2b3c4d-5e6f-7g8h-9i0j-k1l2m3n4o5p8, Alice Johnson, alice.j@example.com, Chicago
1a2b3c4d-5e6f-7g8h-9i0j-k1l2m3n4o5p9, Bob Brown, bob.brown@example.com, Houston
1a2b3c4d-5e6f-7g8h-9i0j-k1l2m3n4o5pA, Charlie Davis, charlie.d@example.com, Phoenix
1a2b3c4d-5e6f-7g8h-9i0j-k1l2m3n4o5pB, David Wilson, david.w@example.com, Philadelphia
1a2b3c4d-5e6f-7g8h-9i0j-k1l2m3n4o5pC, Emma Thompson, emma.t@example.com, San Antonio
1a2b3c4d-5e6f-7g8h-9i0j-k1l2m3n4o5pD, Frank Garcia, frank.g@example.com, San Diego
1a2b3c4d-5e6f-7g8h-9i0j-k1l2m3n4o5pE, Grace Martinez, grace.m@example.com, Dallas
1a2b3c4d-5e6f-7g8h-9i0j-k1l2m3n4o5pF, Henry Rodriguez, henry.r@example.com, San Jose
1a2b3c4d-5e6f-7g8h-9i0j-k1l2m3n4o5pG, Isabella Lee, isabella.l@example.com, Austin
1a2b3c4d-5e6f-7g8h-9i0j-k1l2m3n4o5pH, Jack Walker, jack.w@example.com, Jacksonville
1a2b3c4d-5e6f-7g8h-9i0j-k1l2m3n4o5pI, Lily Hall, lily.h@example.com, San Francisco
1a2b3c4d-5e6f-7g8h-9i0j-k1l2m3n4o5pJ, Michael Young, michael.y@example.com, Columbus
1a2b3c4d-5e6f-7g8h-9i0j-k1l2m3n4o5pK, Natalie Hernandez, natalie.h@example.com, Fort Worth
1a2b3c4d-5e6f-7g8h-9i0j-k1l2m3n4o5pL, Oliver King, oliver.k@example.com, Charlotte
1a2b3c4d-5e6f-7g8h-9i0j-k1l2m3n4o5pM, Penelope Wright, penelope.w@example.com, Detroit
1a2b3c4d-5e6f-7g8h-9i0j-k1l2m3n4o5pN, Quentin Scott, quentin.s@example.com, El Paso
1a2b3c4d-5e6f-7g8h-9i0j-k1l2m3n4o5pO, Rachel Green, rachel.g@example.com, Seattle
1a2b3c4d-5e6f-7g8h-9i0j-k1l2m3n4o5p6, John Doe, johndoe@example.com, New York
1a2b3c4d-5e6f-7g8h-9i0j-k1l2m3n4o5p7, Jane Smith, janesmith@example.com, Los Angeles
1a2b3c4d-5e6f-7g8h-9i0j-k1l2m3n4o5p8, Alice Johnson, alice.j@example.com, Chicago
1a2b3c4d-5e6f-7g8h-9i0j-k1l2m3n4o5p9, Bob Brown, bob.brown@example.com, Houston
1a2b3c4d-5e6f-7g8h-9i0j-k1l2m3n4o5pA, Charlie Davis, charlie.d@example.com, Phoenix
1a2b3c4d-5e6f-7g8h-9i0j-k1l2m3n4o5pB, David Wilson, david.w@example.com, Philadelphia
1a2b3c4d-5e6f-7g8h-9i0j-k1l2m3n4o5pC, Emma Thompson, emma.t@example.com, San Antonio
1a2b3c4d-5e6f-7g8h-9i0j-k1l2m3n4o5pD, Frank Garcia, frank.g@example.com, San Diego
1a2b3c4d-5e6f-7g8h-9i0j-k1l2m3n4o5pE, Grace Martinez, grace.m@example.com, Dallas
1a2b3c4d-5e6f-7g8h-9i0j-k1l2m3n4o5pF, Henry Rodriguez, henry.r@example.com, San Jose
1a2b3c4d-5e6f-7g8h-9i0j-k1l2m3n4o5pG, Isabella Lee, isabella.l@example.com, Austin
1a2b3c4d-5e6f-7g8h-9i0j-k1l2m3n4o5pH, Jack Walker, jack.w@example.com, Jacksonville
1a2b3c4d-5e6f-7g8h-9i0j-k1l2m3n4o5pI, Lily Hall, lily.h@example.com, San Francisco
1a2b3c4d-5e6f-7g8h-9i0j-k1l2m3n4o5pJ, Michael Young, michael.y@example.com, Columbus
1a2b3c4d-5e6f-7g8h-9i0j-k1l2m3n4o5pK, Natalie Hernandez, natalie.h@example.com, Fort Worth
1a2b3c4d-5e6f-7g8h-9i0j-k1l2m3n4o5pL, Oliver King, oliver.k@example.com, Charlotte
1a2b3c4d-5e6f-7g8h-9i0j-k1l2m3n4o5pM, Penelope Wright, penelope.w@example.com, Detroit
1a2b3c4d-5e6f-7g8h-9i0j-k1l2m3n4o5pN, Quentin Scott, quentin.s@example.com, El Paso
1a2b3c4d-5e6f-7g8h-9i0j-k1l2m3n4o5pO, Rachel Green, rachel.g@example.com, Seattle
1a2b3c4d-5e6f-7g8h-9i0j-k1l2m3n4o5p6, John Doe, johndoe@example.com, New York
1a2b3c4d-5e6f-7g8h-9i0j-k1l2m3n4o5p7, Jane Smith, janesmith@example.com, Los Angeles
1a2b3c4d-5e6f-7g8h-9i0j-k1l2m3n4o5p8, Alice Johnson, alice.j@example.com, Chicago
1a2b3c4d-5e6f-7g8h-9i0j-k1l2m3n4o5p9, Bob Brown, bob.brown@example.com, Houston
1a2b3c4d-5e6f-7g8h-9i0j-k1l2m3n4o5pA, Charlie Davis, charlie.d@example.com, Phoenix
1a2b3c4d-5e6f-7g8h-9i0j-k1l2m3n4o5pB, David Wilson, david.w@example.com, Philadelphia
1a2b3c4d-5e6f-7g8h-9i0j-k1l2m3n4o5pC, Emma Thompson, emma.t@example.com, San Antonio
1a2b3c4d-5e6f-7g8h-9i0j-k1l2m3n4o5pD, Frank Garcia, frank.g@example.com, San Diego
1a2b3c4d-5e6f-7g8h-9i0j-k1l2m3n4o5pE, Grace Martinez, grace.m@example.com, Dallas
1a2b3c4d-5e6f-7g8h-9i0j-k1l2m3n4o5pF, Henry Rodriguez, henry.r@example.com, San Jose
1a2b3c4d-5e6f-7g8h-9i0j-k1l2m3n4o5pG, Isabella Lee, isabella.l@example.com, Austin
1a2b3c4d-5e6f-7g8h-9i0j-k1l2m3n4o5pH, Jack Walker, jack.w@example.com, Jacksonville
1a2b3c4d-5e6f-7g8h-9i0j-k1l2m3n4o5pI, Lily Hall, lily.h@example.com, San Francisco
1a2b3c4d-5e6f-7g8h-9i0j-k1l2m3n4o5pJ, Michael Young, michael.y@example.com, Columbus
1a2b3c4d-5e6f-7g8h-9i0j-k1l2m3n4o5pK, Natalie Hernandez, natalie.h@example.com, Fort Worth
1a2b3c4d-5e6f-7g8h-9i0j-k1l2m3n4o5pL, Oliver King, oliver.k@example.com, Charlotte
1a2b3c4d-5e6f-7g8h-9i0j-k1l2m3n4o5pM, Penelope Wright, penelope.w@example.com, Detroit
1a2b3c4d-5e6f-7g8h-9i0j-k1l2m3n4o5pN, Quentin Scott, quentin.s@example.com, El Paso
1a2b3c4d-5e6f-7g8h-9i0j-k1l2m3n4o5pO, Rachel Green, rachel.g@example.com, Seattle
1a2b3c4d-5e6f-7g8h-9i0j-k1l2m3n4o5p6, John Doe, johndoe@example.com, New York
1a2b3c4d-5e6f-7g8h-9i0j-k1l2m3n4o5p7, Jane Smith, janesmith@example.com, Los Angeles
1a2b3c4d-5e6f-7g8h-9i0j-k1l2m3n4o5p8, Alice Johnson, alice.j@example.com, Chicago
1a2b3c4d-5e6f-7g8h-9i0j-k1l2m3n4o5p9, Bob Brown, bob.brown@example.com, Houston
1a2b3c4d-5e6f-7g8h-9i0j-k1l2m3n4o5pA, Charlie Davis, charlie.d@example.com, Phoenix
1a2b3c4d-5e6f-7g8h-9i0j-k1l2m3n4o5pB, David Wilson, david.w@example.com, Philadelphia
1a2b3c4d-5e6f-7g8h-9i0j-k1l2m3n4o5pC, Emma Thompson, emma.t@example.com, San Antonio
1a2b3c4d-5e6f-7g8h-9i0j-k1l2m3n4o5pD, Frank Garcia, frank.g@example.com, San Diego
1a2b3c4d-5e6f-7g8h-9i0j-k1l2m3n4o5pE, Grace Martinez, grace.m@example.com, Dallas
1a2b3c4d-5e6f-7g8h-9i0j-k1l2m3n4o5pF, Henry Rodriguez, henry.r@example.com, San Jose
1a2b3c4d-5e6f-7g8h-9i0j-k1l2m3n4o5pG, Isabella Lee, isabella.l@example.com, Austin
1a2b3c4d-5e6f-7g8h-9i0j-k1l2m3n4o5pH, Jack Walker, jack.w@example.com, Jacksonville
1a2b3c4d-5e6f-7g8h-9i0j-k1l2m3n4o5pI, Lily Hall, lily.h@example.com, San Francisco
1a2b3c4d-5e6f-7g8h-9i0j-k1l2m3n4o5pJ, Michael Young, michael.y@example.com, Columbus
1a2b3c4d-5e6f-7g8h-9i0j-k1l2m3n4o5pK, Natalie Hernandez, natalie.h@example.com, Fort Worth
1a2b3c4d-5e6f-7g8h-9i0j-k1l2m3n4o5pL, Oliver King, oliver.k@example.com, Charlotte
1a2b3c4d-5e6f-7g8h-9i0j-k1l2m3n4o5pM, Penelope Wright, penelope.w@example.com, Detroit
1a2b3c4d-5e6f-7g8h-9i0j-k1l2m3n4o5pN, Quentin Scott, quentin.s@example.com, El Paso
1a2b3c4d-5e6f-7g8h-9i0j-k1l2m3n4o5pO, Rachel Green, rachel.g@example.com, Seattle
1a2b3c4d-5e6f-7g8h-9i0j-k1l2m3n4o5p6, John Doe, johndoe@example.com, New York
1a2b3c4d-5e6f-7g8h-9i0j-k1l2m3n4o5p7, Jane Smith, janesmith@example.com, Los Angeles
1a2b3c4d-5e6f-7g8h-9i0j-k1l2m3n4o5p8, Alice Johnson, alice.j@example.com, Chicago
1a2b3c4d-5e6f-7g8h-9i0j-k1l2m3n4o5p9, Bob Brown, bob.brown@example.com, Houston
1a2b3c4d-5e6f-7g8h-9i0j-k1l2m3n4o5pA, Charlie Davis, charlie.d@example.com, Phoenix
1a2b3c4d-5e6f-7g8h-9i0j-k1l2m3n4o5pB, David Wilson, david.w@example.com, Philadelphia
1a2b3c4d-5e6f-7g8h-9i0j-k1l2m3n4o5pC, Emma Thompson, emma.t@example.com, San Antonio
1a2b3c4d-5e6f-7g8h-9i0j-k1l2m3n4o5pD, Frank Garcia, frank.g@example.com, San Diego
1a2b3c4d-5e6f-7g8h-9i0j-k1l2m3n4o5pE, Grace Martinez, grace.m@example.com, Dallas
1a2b3c4d-5e6f-7g8h-9i0j-k1l2m3n4o5pF, Henry Rodriguez, henry.r@example.com, San Jose
1a2b3c4d-5e6f-7g8h-9i0j-k1l2m3n4o5pG, Isabella Lee, isabella.l@example.com, Austin
1a2b3c4d-5e6f-7g8h-9i0j-k1l2m3n4o5pH, Jack Walker, jack.w@example.com, Jacksonville
1a2b3c4d-5e6f-7g8h-9i0j-k1l2m3n4o5pI, Lily Hall, lily.h@example.com, San Francisco
1a2b3c4d-5e6f-7g8h-9i0j-k1l2m3n4o5pJ, Michael Young, michael.y@example.com, Columbus
1a2b3c4d-5e6f-7g8h-9i0j-k1l2m3n4o5pK, Natalie Hernandez, natalie.h@example.com, Fort Worth
1a2b3c4d-5e6f-7g8h-9i0j-k1l2m3n4o5pL, Oliver King, oliver.k@example.com, Charlotte
1a2b3c4d-5e6f-7g8h-9i0j-k1l2m3n4o5pM, Penelope Wright, penelope.w@example.com, Detroit
1a2b3c4d-5e6f-7g8h-9i0j-k1l2m3n4o5pN, Quentin Scott, quentin.s@example.com, El Paso
1a2b3c4d-5e6f-7g8h-9i0j-k1l2m3n4o5pO, Rachel Green, rachel.g@example.com, Seattle
1a2b3c4d-5e6f-7g8h-9i0j-k1l2m3n4o5p6, John Doe, johndoe@example.com, New York
1a2b3c4d-5e6f-7g8h-9i0j-k1l2m3n4o5p7, Jane Smith, janesmith@example.com, Los Angeles
1a2b3c4d-5e6f-7g8h-9i0j-k1l2m3n4o5p8, Alice Johnson, alice.j@example.com, Chicago
1a2b3c4d-5e6f-7g8h-9i0j-k1l2m3n4o5p9, Bob Brown, bob.brown@example.com, Houston
1a2b3c4d-5e6f-7g8h-9i0j-k1l2m3n4o5pA, Charlie Davis, charlie.d@example.com, Phoenix
1a2b3c4d-5e6f-7g8h-9i0j-k1l2m3n4o5pB, David Wilson, david.w@example.com, Philadelphia
1a2b3c4d-5e6f-7g8h-9i0j-k1l2m3n4o5pC, Emma Thompson, emma.t@example.com, San Antonio
1a2b3c4d-5e6f-7g8h-9i0j-k1l2m3n4o5pD, Frank Garcia, frank.g@example.com, San Diego
1a2b3c4d-5e6f-7g8h-9i0j-k1l2m3n4o5pE, Grace Martinez, grace.m@example.com, Dallas
1a2b3c4d-5e6f-7g8h-9i0j-k1l2m3n4o5pF, Henry Rodriguez, henry.r@example.com, San Jose
1a2b3c4d-5e6f-7g8h-9i0j-k1l2m3n4o5pG, Isabella Lee, isabella.l@example.com, Austin
1a2b3c4d-5e6f-7g8h-9i0j-k1l2m3n4o5pH, Jack Walker, jack.w@example.com, Jacksonville
1a2b3c4d-5e6f-7g8h-9i0j-k1l2m3n4o5pI, Lily Hall, lily.h@example.com, San Francisco
1a2b3c4d-5e6f-7g8h-9i0j-k1l2m3n4o5pJ, Michael Young, michael.y@example.com, Columbus
1a2b3c4d-5e6f-7g8h-9i0j-k1l2m3n4o5pK, Natalie Hernandez, natalie.h@example.com, Fort Worth
1a2b3c4d-5e6f-7g8h-9i0j-k1l2m3n4o5pL, Oliver King, oliver.k@example.com, Charlotte
1a2b3c4d-5e6f-7g8h-9i0j-k1l2m3n4o5pM, Penelope Wright, penelope.w@example.com, Detroit
1a2b3c4d-5e6f-7g8h-9i0j-k1l2m3n4o5pN, Quentin Scott, quentin.s@example.com, El Paso
1a2b3c4d-5e6f-7g8h-9i0j-k1l2m3n4o5pO, Rachel Green, rachel.g@example.com, Seattle
1a2b3c4d-5e6f-7g8h-9i0j-k1l2m3n4o5p6, John Doe, johndoe@example.com, New York
1a2b3c4d-5e6f-7g8h-9i0j-k1l2m3n4o5p7, Jane Smith, janesmith@example.com, Los Angeles
1a2b3c4d-5e6f-7g8h-9i0j-k1l2m3n4o5p8, Alice Johnson, alice.j@example.com, Chicago
1a2b3c4d-5e6f-7g8h-9i0j-k1l2m3n4o5p9, Bob Brown, bob.brown@example.com, Houston
1a2b3c4d-5e6f-7g8h-9i0j-k1l2m3n4o5pA, Charlie Davis, charlie.d@example.com, Phoenix
1a2b3c4d-5e6f-7g8h-9i0j-k1l2m3n4o5pB, David Wilson, david.w@example.com, Philadelphia
1a2b3c4d-5e6f-7g8h-9i0j-k1l2m3n4o5pC, Emma Thompson, emma.t@example.com, San Antonio
1a2b3c4d-5e6f-7g8h-9i0j-k1l2m3n4o5pD, Frank Garcia, frank.g@example.com, San Diego
1a2b3c4d-5e6f-7g8h-9i0j-k1l2m3n4o5pE, Grace Martinez, grace.m@example.com, Dallas
1a2b3c4d-5e6f-7g8h-9i0j-k1l2m3n4o5pF, Henry Rodriguez, henry.r@example.com, San Jose
1a2b3c4d-5e6f-7g8h-9i0j-k1l2m3n4o5pG, Isabella Lee, isabella.l@example.com, Austin
1a2b3c4d-5e6f-7g8h-9i0j-k1l2m3n4o5pH, Jack Walker, jack.w@example.com, Jacksonville
1a2b3c4d-5e6f-7g8h-9i0j-k1l2m3n4o5pI, Lily Hall, lily.h@example.com, San Francisco
1a2b3c4d-5e6f-7g8h-9i0j-k1l2m3n4o5pJ, Michael Young, michael.y@example.com, Columbus
1a2b3c4d-5e6f-7g8h-9i0j-k1l2m3n4o5pK, Natalie Hernandez, natalie.h@example.com, Fort Worth
1a2b3c4d-5e6f-7g8h-9i0j-k1l2m3n4o5pL, Oliver King, oliver.k@example.com, Charlotte
1a2b3c4d-5e6f-7g8h-9i0j-k1l2m3n4o5pM, Penelope Wright, penelope.w@example.com, Detroit
1a2b3c4d-5e6f-7g8h-9i0j-k1l2m3n4o5pN, Quentin Scott, quentin.s@example.com, El Paso
1a2b3c4d-5e6f-7g8h-9i0j-k1l2m3n4o5pO, Rachel Green, rachel.g@example.com, Seattle
1a2b3c4d-5e6f-7g8h-9i0j-k1l2m3n4o5p6, John Doe, johndoe@example.com, New York
1a2b3c4d-5e6f-7g8h-9i0j-k1l2m3n4o5p7, Jane Smith, janesmith@example.com, Los Angeles
1a2b3c4d-5e6f-7g8h-9i0j-k1l2m3n4o5p8, Alice Johnson, alice.j@example.com, Chicago
1a2b3c4d-5e6f-7g8h-9i0j-k1l2m3n4o5p9, Bob Brown, bob.brown@example.com, Houston
1a2b3c4d-5e6f-7g8h-9i0j-k1l2m3n4o5pA, Charlie Davis, charlie.d@example.com, Phoenix
1a2b3c4d-5e6f-7g8h-9i0j-k1l2m3n4o5pB, David Wilson, david.w@example.com, Philadelphia
1a2b3c4d-5e6f-7g8h-9i0j-k1l2m3n4o5pC, Emma Thompson, emma.t@example.com, San Antonio
1a2b3c4d-5e6f-7g8h-9i0j-k1l2m3n4o5pD, Frank Garcia, frank.g@example.com, San Diego
1a2b3c4d-5e6f-7g8h-9i0j-k1l2m3n4o5pE, Grace Martinez, grace.m@example.com, Dallas
1a2b3c4d-5e6f-7g8h-9i0j-k1l2m3n4o5pF, Henry Rodriguez, henry.r@example.com, San Jose
1a2b3c4d-5e6f-7g8h-9i0j-k1l2m3n4o5pG, Isabella Lee, isabella.l@example.com, Austin
1a2b3c4d-5e6f-7g8h-9i0j-k1l2m3n4o5pH, Jack Walker, jack.w@example.com, Jacksonville
1a2b3c4d-5e6f-7g8h-9i0j-k1l2m3n4o5pI, Lily Hall, lily.h@example.com, San Francisco
1a2b3c4d-5e6f-7g8h-9i0j-k1l2m3n4o5pJ, Michael Young, michael.y@example.com, Columbus
1a2b3c4d-5e6f-7g8h-9i0j-k1l2m3n4o5pK, Natalie Hernandez, natalie.h@example.com, Fort Worth
1a2b3c4d-5e6f-7g8h-9i0j-k1l2m3n4o5pL, Oliver King, oliver.k@example.com, Charlotte
1a2b3c4d-5e6f-7g8h-9i0j-k1l2m3n4o5pM, Penelope Wright, penelope.w@example.com, Detroit
1a2b3c4d-5e6f-7g8h-9i0j-k1l2m3n4o5pN, Quentin Scott, quentin.s@example.com, El Paso
1a2b3c4d-5e6f-7g8h-9i0j-k1l2m3n4o5pO, Rachel Green, rachel.g@example.com, Seattle
1a2b3c4d-5e6f-7g8h-9i0j-k1l2m3n4o5p6, John Doe, johndoe@example.com, New York
1a2b3c4d-5e6f-7g8h-9i0j-k1l2m3n4o5p7, Jane Smith, janesmith@example.com, Los Angeles
1a2b3c4d-5e6f-7g8h-9i0j-k1l2m3n4o5p8, Alice Johnson, alice.j@example.com, Chicago
1a2b3c4d-5e6f-7g8h-9i0j-k1l2m3n4o5p9, Bob Brown, bob.brown@example.com, Houston
1a2b3c4d-5e6f-7g8h-9i0j-k1l2m3n4o5pA, Charlie Davis, charlie.d@example.com, Phoenix
1a2b3c4d-5e6f-7g8h-9i0j-k1l2m3n4o5pB, David Wilson, david.w@example.com, Philadelphia
1a2b3c4d-5e6f-7g8h-9i0j-k1l2m3n4o5pC, Emma Thompson, emma.t@example.com, San Antonio
1a2b3c4d-5e6f-7g8h-9i0j-k1l2m3n4o5pD, Frank Garcia, frank.g@example.com, San Diego
1a2b3c4d-5e6f-7g8h-9i0j-k1l2m3n4o5pE, Grace Martinez, grace.m@example.com, Dallas
1a2b3c4d-5e6f-7g8h-9i0j-k1l2m3n4o5pF, Henry Rodriguez, henry.r@example.com, San Jose
1a2b3c4d-5e6f-7g8h-9i0j-k1l2m3n4o5pG, Isabella Lee, isabella.l@example.com, Austin
1a2b3c4d-5e6f-7g8h-9i0j-k1l2m3n4o5pH, Jack Walker, jack.w@example.com, Jacksonville
1a2b3c4d-5e6f-7g8h-9i0j-k1l2m3n4o5pI, Lily Hall, lily.h@example.com, San Francisco
1a2b3c4d-5e6f-7g8h-9i0j-k1l2m3n4o5pJ, Michael Young, michael.y@example.com, Columbus
1a2b3c4d-5e6f-7g8h-9i0j-k1l2m3n4o5pK, Natalie Hernandez, natalie.h@example.com, Fort Worth
1a2b3c4d-5e6f-7g8h-9i0j-k1l2m3n4o5pL, Oliver King, oliver.k@example.com, Charlotte
1a2b3c4d-5e6f-7g8h-9i0j-k1l2m3n4o5pM, Penelope Wright, penelope.w@example.com, Detroit
1a2b3c4d-5e6f-7g8h-9i0j-k1l2m3n4o5pN, Quentin Scott, quentin.s@example.com, El Paso
1a2b3c4d-5e6f-7g8h-9i0j-k1l2m3n4o5pO, Rachel Green, rachel.g@example.com, Seattle
1a2b3c4d-5e6f-7g8h-9i0j-k1l2m3n4o5p6, John Doe, johndoe@example.com, New York
1a2b3c4d-5e6f-7g8h-9i0j-k1l2m3n4o5p7, Jane Smith, janesmith@example.com, Los Angeles
1a2b3c4d-5e6f-7g8h-9i0j-k1l2m3n4o5p8, Alice Johnson, alice.j@example.com, Chicago
1a2b3c4d-5e6f-7g8h-9i0j-k1l2m3n4o5p9, Bob Brown, bob.brown@example.com, Houston
1a2b3c4d-5e6f-7g8h-9i0j-k1l2m3n4o5pA, Charlie Davis, charlie.d@example.com, Phoenix
1a2b3c4d-5e6f-7g8h-9i0j-k1l2m3n4o5pB, David Wilson, david.w@example.com, Philadelphia
1a2b3c4d-5e6f-7g8h-9i0j-k1l2m3n4o5pC, Emma Thompson, emma.t@example.com, San Antonio
1a2b3c4d-5e6f-7g8h-9i0j-k1l2m3n4o5pD, Frank Garcia, frank.g@example.com, San Diego
1a2b3c4d-5e6f-7g8h-9i0j-k1l2m3n4o5pE, Grace Martinez, grace.m@example.com, Dallas
1a2b3c4d-5e6f-7g8h-9i0j-k1l2m3n4o5pF, Henry Rodriguez, henry.r@example.com, San Jose
1a2b3c4d-5e6f-7g8h-9i0j-k1l2m3n4o5pG, Isabella Lee, isabella.l@example.com, Austin
1a2b3c4d-5e6f-7g8h-9i0j-k1l2m3n4o5pH, Jack Walker, jack.w@example.com, Jacksonville
1a2b3c4d-5e6f-7g8h-9i0j-k1l2m3n4o5pI, Lily Hall, lily.h@example.com, San Francisco
1a2b3c4d-5e6f-7g8h-9i0j-k1l2m3n4o5pJ, Michael Young, michael.y@example.com, Columbus
1a2b3c4d-5e6f-7g8h-9i0j-k1l2m3n4o5pK, Natalie Hernandez, natalie.h@example.com, Fort Worth
1a2b3c4d-5e6f-7g8h-9i0j-k1l2m3n4o5pL, Oliver King, oliver.k@example.com, Charlotte
1a2b3c4d-5e6f-7g8h-9i0j-k1l2m3n4o5pM, Penelope Wright, penelope.w@example.com, Detroit
1a2b3c4d-5e6f-7g8h-9i0j-k1l2m3n4o5pN, Quentin Scott, quentin.s@example.com, El Paso
1a2b3c4d-5e6f-7g8h-9i0j-k1l2m3n4o5pO, Rachel Green, rachel.g@example.com, Seattle
1a2b3c4d-5e6f-7g8h-9i0j-k1l2m3n4o5p6, John Doe, johndoe@example.com, New York
1a2b3c4d-5e6f-7g8h-9i0j-k1l2m3n4o5p7, Jane Smith, janesmith@example.com, Los Angeles
1a2b3c4d-5e6f-7g8h-9i0j-k1l2m3n4o5p8, Alice Johnson, alice.j@example.com, Chicago
1a2b3c4d-5e6f-7g8h-9i0j-k1l2m3n4o5p9, Bob Brown, bob.brown@example.com, Houston
1a2b3c4d-5e6f-7g8h-9i0j-k1l2m3n4o5pA, Charlie Davis, charlie.d@example.com, Phoenix
1a2b3c4d-5e6f-7g8h-9i0j-k1l2m3n4o5pB, David Wilson, david.w@example.com, Philadelphia
1a2b3c4d-5e6f-7g8h-9i0j-k1l2m3n4o5pC, Emma Thompson, emma.t@example.com, San Antonio
1a2b3c4d-5e6f-7g8h-9i0j-k1l2m3n4o5pD, Frank Garcia, frank.g@example.com, San Diego
1a2b3c4d-5e6f-7g8h-9i0j-k1l2m3n4o5pE, Grace Martinez, grace.m@example.com, Dallas
1a2b3c4d-5e6f-7g8h-9i0j-k1l2m3n4o5pF, Henry Rodriguez, henry.r@example.com, San Jose
1a2b3c4d-5e6f-7g8h-9i0j-k1l2m3n4o5pG, Isabella Lee, isabella.l@example.com, Austin
1a2b3c4d-5e6f-7g8h-9i0j-k1l2m3n4o5pH, Jack Walker, jack.w@example.com, Jacksonville
1a2b3c4d-5e6f-7g8h-9i0j-k1l2m3n4o5pI, Lily Hall, lily.h@example.com, San Francisco
1a2b3c4d-5e6f-7g8h-9i0j-k1l2m3n4o5pJ, Michael Young, michael.y@example.com, Columbus
1a2b3c4d-5e6f-7g8h-9i0j-k1l2m3n4o5pK, Natalie Hernandez, natalie.h@example.com, Fort Worth
1a2b3c4d-5e6f-7g8h-9i0j-k1l2m3n4o5pL, Oliver King, oliver.k@example.com, Charlotte
1a2b3c4d-5e6f-7g8h-9i0j-k1l2m3n4o5pM, Penelope Wright, penelope.w@example.com, Detroit
1a2b3c4d-5e6f-7g8h-9i0j-k1l2m3n4o5pN, Quentin Scott, quentin.s@example.com, El Paso
1a2b3c4d-5e6f-7g8h-9i0j-k1l2m3n4o5pO, Rachel Green, rachel.g@example.com, Seattle
1a2b3c4d-5e6f-7g8h-9i0j-k1l2m3n4o5p6, John Doe, johndoe@example.com, New York
1a2b3c4d-5e6f-7g8h-9i0j-k1l2m3n4o5p7, Jane Smith, janesmith@example.com, Los Angeles
1a2b3c4d-5e6f-7g8h-9i0j-k1l2m3n4o5p8, Alice Johnson, alice.j@example.com, Chicago
1a2b3c4d-5e6f-7g8h-9i0j-k1l2m3n4o5p9, Bob Brown, bob.brown@example.com, Houston
1a2b3c4d-5e6f-7g8h-9i0j-k1l2m3n4o5pA, Charlie Davis, charlie.d@example.com, Phoenix
1a2b3c4d-5e6f-7g8h-9i0j-k1l2m3n4o5pB, David Wilson, david.w@example.com, Philadelphia
1a2b3c4d-5e6f-7g8h-9i0j-k1l2m3n4o5pC, Emma Thompson, emma.t@example.com, San Antonio
1a2b3c4d-5e6f-7g8h-9i0j-k1l2m3n4o5pD, Frank Garcia, frank.g@example.com, San Diego
1a2b3c4d-5e6f-7g8h-9i0j-k1l2m3n4o5pE, Grace Martinez, grace.m@example.com, Dallas
1a2b3c4d-5e6f-7g8h-9i0j-k1l2m3n4o5pF, Henry Rodriguez, henry.r@example.com, San Jose
1a2b3c4d-5e6f-7g8h-9i0j-k1l2m3n4o5pG, Isabella Lee, isabella.l@example.com, Austin
1a2b3c4d-5e6f-7g8h-9i0j-k1l2m3n4o5pH, Jack Walker, jack.w@example.com, Jacksonville
1a2b3c4d-5e6f-7g8h-9i0j-k1l2m3n4o5pI, Lily Hall, lily.h@example.com, San Francisco
1a2b3c4d-5e6f-7g8h-9i0j-k1l2m3n4o5pJ, Michael Young, michael.y@example.com, Columbus
1a2b3c4d-5e6f-7g8h-9i0j-k1l2m3n4o5pK, Natalie Hernandez, natalie.h@example.com, Fort Worth
1a2b3c4d-5e6f-7g8h-9i0j-k1l2m3n4o5pL, Oliver King, oliver.k@example.com, Charlotte
1a2b3c4d-5e6f-7g8h-9i0j-k1l2m3n4o5pM, Penelope Wright, penelope.w@example.com, Detroit
1a2b3c4d-5e6f-7g8h-9i0j-k1l2m3n4o5pN, Quentin Scott, quentin.s@example.com, El Paso
1a2b3c4d-5e6f-7g8h-9i0j-k1l2m3n4o5pO, Rachel Green, rachel.g@example.com, Seattle
1a2b3c4d-5e6f-7g8h-9i0j-k1l2m3n4o5p6, John Doe, johndoe@example.com, New York
1a2b3c4d-5e6f-7g8h-9i0j-k1l2m3n4o5p7, Jane Smith, janesmith@example.com, Los Angeles
1a2b3c4d-5e6f-7g8h-9i0j-k1l2m3n4o5p8, Alice Johnson, alice.j@example.com, Chicago
1a2b3c4d-5e6f-7g8h-9i0j-k1l2m3n4o5p9, Bob Brown, bob.brown@example.com, Houston
1a2b3c4d-5e6f-7g8h-9i0j-k1l2m3n4o5pA, Charlie Davis, charlie.d@example.com, Phoenix
1a2b3c4d-5e6f-7g8h-9i0j-k1l2m3n4o5pB, David Wilson, david.w@example.com, Philadelphia
1a2b3c4d-5e6f-7g8h-9i0j-k1l2m3n4o5pC, Emma Thompson, emma.t@example.com, San Antonio
1a2b3c4d-5e6f-7g8h-9i0j-k1l2m3n4o5pD, Frank Garcia, frank.g@example.com, San Diego
1a2b3c4d-5e6f-7g8h-9i0j-k1l2m3n4o5pE, Grace Martinez, grace.m@example.com, Dallas
1a2b3c4d-5e6f-7g8h-9i0j-k1l2m3n4o5pF, Henry Rodriguez, henry.r@example.com, San Jose
1a2b3c4d-5e6f-7g8h-9i0j-k1l2m3n4o5pG, Isabella Lee, isabella.l@example.com, Austin
1a2b3c4d-5e6f-7g8h-9i0j-k1l2m3n4o5pH, Jack Walker, jack.w@example.com, Jacksonville
1a2b3c4d-5e6f-7g8h-9i0j-k1l2m3n4o5pI, Lily Hall, lily.h@example.com, San Francisco
1a2b3c4d-5e6f-7g8h-9i0j-k1l2m3n4o5pJ, Michael Young, michael.y@example.com, Columbus
1a2b3c4d-5e6f-7g8h-9i0j-k1l2m3n4o5pK, Natalie Hernandez, natalie.h@example.com, Fort Worth
1a2b3c4d-5e6f-7g8h-9i0j-k1l2m3n4o5pL, Oliver King, oliver.k@example.com, Charlotte
1a2b3c4d-5e6f-7g8h-9i0j-k1l2m3n4o5pM, Penelope Wright, penelope.w@example.com, Detroit
1a2b3c4d-5e6f-7g8h-9i0j-k1l2m3n4o5pN, Quentin Scott, quentin.s@example.com, El Paso
1a2b3c4d-5e6f-7g8h-9i0j-k1l2m3n4o5pO, Rachel Green, rachel.g@example.com, Seattle
1a2b3c4d-5e6f-7g8h-9i0j-k1l2m3n4o5p6, John Doe, johndoe@example.com, New York
1a2b3c4d-5e6f-7g8h-9i0j-k1l2m3n4o5p7, Jane Smith, janesmith@example.com, Los Angeles
1a2b3c4d-5e6f-7g8h-9i0j-k1l2m3n4o5p8, Alice Johnson, alice.j@example.com, Chicago
1a2b3c4d-5e6f-7g8h-9i0j-k1l2m3n4o5p9, Bob Brown, bob.brown@example.com, Houston
1a2b3c4d-5e6f-7g8h-9i0j-k1l2m3n4o5pA, Charlie Davis, charlie.d@example.com, Phoenix
1a2b3c4d-5e6f-7g8h-9i0j-k1l2m3n4o5pB, David Wilson, david.w@example.com, Philadelphia
1a2b3c4d-5e6f-7g8h-9i0j-k1l2m3n4o5pC, Emma Thompson, emma.t@example.com, San Antonio
1a2b3c4d-5e6f-7g8h-9i0j-k1l2m3n4o5pD, Frank Garcia, frank.g@example.com, San Diego
1a2b3c4d-5e6f-7g8h-9i0j-k1l2m3n4o5pE, Grace Martinez, grace.m@example.com, Dallas
1a2b3c4d-5e6f-7g8h-9i0j-k1l2m3n4o5pF, Henry Rodriguez, henry.r@example.com, San Jose
1a2b3c4d-5e6f-7g8h-9i0j-k1l2m3n4o5pG, Isabella Lee, isabella.l@example.com, Austin
1a2b3c4d-5e6f-7g8h-9i0j-k1l2m3n4o5pH, Jack Walker, jack.w@example.com, Jacksonville
1a2b3c4d-5e6f-7g8h-9i0j-k1l2m3n4o5pI, Lily Hall, lily.h@example.com, San Francisco
1a2b3c4d-5e6f-7g8h-9i0j-k1l2m3n4o5pJ, Michael Young, michael.y@example.com, Columbus
1a2b3c4d-5e6f-7g8h-9i0j-k1l2m3n4o5pK, Natalie Hernandez, natalie.h@example.com, Fort Worth
1a2b3c4d-5e6f-7g8h-9i0j-k1l2m3n4o5pL, Oliver King, oliver.k@example.com, Charlotte
1a2b3c4d-5e6f-7g8h-9i0j-k1l2m3n4o5pM, Penelope Wright, penelope.w@example.com, Detroit
1a2b3c4d-5e6f-7g8h-9i0j-k1l2m3n4o5pN, Quentin Scott, quentin.s@example.com, El Paso
1a2b3c4d-5e6f-7g8h-9i0j-k1l2m3n4o5pO, Rachel Green, rachel.g@example.com, Seattle
1a2b3c4d-5e6f-7g8h-9i0j-k1l2m3n4o5p6, John Doe, johndoe@example.com, New York
1a2b3c4d-5e6f-7g8h-9i0j-k1l2m3n4o5p7, Jane Smith, janesmith@example.com, Los Angeles
1a2b3c4d-5e6f-7g8h-9i0j-k1l2m3n4o5p8, Alice Johnson, alice.j@example.com, Chicago
1a2b3c4d-5e6f-7g8h-9i0j-k1l2m3n4o5p9, Bob Brown, bob.brown@example.com, Houston
1a2b3c4d-5e6f-7g8h-9i0j-k1l2m3n4o5pA, Charlie Davis, charlie.d@example.com, Phoenix
1a2b3c4d-5e6f-7g8h-9i0j-k1l2m3n4o5pB, David Wilson, david.w@example.com, Philadelphia
1a2b3c4d-5e6f-7g8h-9i0j-k1l2m3n4o5pC, Emma Thompson, emma.t@example.com, San Antonio
1a2b3c4d-5e6f-7g8h-9i0j-k1l2m3n4o5pD, Frank Garcia, frank.g@example.com, San Diego
1a2b3c4d-5e6f-7g8h-9i0j-k1l2m3n4o5pE, Grace Martinez, grace.m@example.com, Dallas
1a2b3c4d-5e6f-7g8h-9i0j-k1l2m3n4o5pF, Henry Rodriguez, henry.r@example.com, San Jose
1a2b3c4d-5e6f-7g8h-9i0j-k1l2m3n4o5pG, Isabella Lee, isabella.l@example.com, Austin
1a2b3c4d-5e6f-7g8h-9i0j-k1l2m3n4o5pH, Jack Walker, jack.w@example.com, Jacksonville
1a2b3c4d-5e6f-7g8h-9i0j-k1l2m3n4o5pI, Lily Hall, lily.h@example.com, San Francisco
1a2b3c4d-5e6f-7g8h-9i0j-k1l2m3n4o5pJ, Michael Young, michael.y@example.com, Columbus
1a2b3c4d-5e6f-7g8h-9i0j-k1l2m3n4o5pK, Natalie Hernandez, natalie.h@example.com, Fort Worth
1a2b3c4d-5e6f-7g8h-9i0j-k1l2m3n4o5pL, Oliver King, oliver.k@example.com, Charlotte
1a2b3c4d-5e6f-7g8h-9i0j-k1l2m3n4o5pM, Penelope Wright, penelope.w@example.com, Detroit
1a2b3c4d-5e6f-7g8h-9i0j-k1l2m3n4o5pN, Quentin Scott, quentin.s@example.com, El Paso
1a2b3c4d-5e6f-7g8h-9i0j-k1l2m3n4o5pO, Rachel Green, rachel.g@example.com, Seattle
1a2b3c4d-5e6f-7g8h-9i0j-k1l2m3n4o5p6, John Doe, johndoe@example.com, New York
1a2b3c4d-5e6f-7g8h-9i0j-k1l2m3n4o5p7, Jane Smith, janesmith@example.com, Los Angeles
1a2b3c4d-5e6f-7g8h-9i0j-k1l2m3n4o5p8, Alice Johnson, alice.j@example.com, Chicago
1a2b3c4d-5e6f-7g8h-9i0j-k1l2m3n4o5p9, Bob Brown, bob.brown@example.com, Houston
1a2b3c4d-5e6f-7g8h-9i0j-k1l2m3n4o5pA, Charlie Davis, charlie.d@example.com, Phoenix
1a2b3c4d-5e6f-7g8h-9i0j-k1l2m3n4o5pB, David Wilson, david.w@example.com, Philadelphia
1a2b3c4d-5e6f-7g8h-9i0j-k1l2m3n4o5pC, Emma Thompson, emma.t@example.com, San Antonio
1a2b3c4d-5e6f-7g8h-9i0j-k1l2m3n4o5pD, Frank Garcia, frank.g@example.com, San Diego
1a2b3c4d-5e6f-7g8h-9i0j-k1l2m3n4o5pE, Grace Martinez, grace.m@example.com, Dallas
1a2b3c4d-5e6f-7g8h-9i0j-k1l2m3n4o5pF, Henry Rodriguez, henry.r@example.com, San Jose
1a2b3c4d-5e6f-7g8h-9i0j-k1l2m3n4o5pG, Isabella Lee, isabella.l@example.com, Austin
1a2b3c4d-5e6f-7g8h-9i0j-k1l2m3n4o5pH, Jack Walker, jack.w@example.com, Jacksonville
1a2b3c4d-5e6f-7g8h-9i0j-k1l2m3n4o5pI, Lily Hall, lily.h@example.com, San Francisco
1a2b3c4d-5e6f-7g8h-9i0j-k1l2m3n4o5pJ, Michael Young, michael.y@example.com, Columbus
1a2b3c4d-5e6f-7g8h-9i0j-k1l2m3n4o5pK, Natalie Hernandez, natalie.h@example.com, Fort Worth
1a2b3c4d-5e6f-7g8h-9i0j-k1l2m3n4o5pL, Oliver King, oliver.k@example.com, Charlotte
1a2b3c4d-5e6f-7g8h-9i0j-k1l2m3n4o5pM, Penelope Wright, penelope.w@example.com, Detroit
1a2b3c4d-5e6f-7g8h-9i0j-k1l2m3n4o5pN, Quentin Scott, quentin.s@example.com, El Paso
1a2b3c4d-5e6f-7g8h-9i0j-k1l2m3n4o5pO, Rachel Green, rachel.g@example.com, Seattle
1a2b3c4d-5e6f-7g8h-9i0j-k1l2m3n4o5p6, John Doe, johndoe@example.com, New York
1a2b3c4d-5e6f-7g8h-9i0j-k1l2m3n4o5p7, Jane Smith, janesmith@example.com, Los Angeles
1a2b3c4d-5e6f-7g8h-9i0j-k1l2m3n4o5p8, Alice Johnson, alice.j@example.com, Chicago
1a2b3c4d-5e6f-7g8h-9i0j-k1l2m3n4o5p9, Bob Brown, bob.brown@example.com, Houston
1a2b3c4d-5e6f-7g8h-9i0j-k1l2m3n4o5pA, Charlie Davis, charlie.d@example.com, Phoenix
1a2b3c4d-5e6f-7g8h-9i0j-k1l2m3n4o5pB, David Wilson, david.w@example.com, Philadelphia
1a2b3c4d-5e6f-7g8h-9i0j-k1l2m3n4o5pC, Emma Thompson, emma.t@example.com, San Antonio
1a2b3c4d-5e6f-7g8h-9i0j-k1l2m3n4o5pD, Frank Garcia, frank.g@example.com, San Diego
1a2b3c4d-5e6f-7g8h-9i0j-k1l2m3n4o5pE, Grace Martinez, grace.m@example.com, Dallas
1a2b3c4d-5e6f-7g8h-9i0j-k1l2m3n4o5pF, Henry Rodriguez, henry.r@example.com, San Jose
1a2b3c4d-5e6f-7g8h-9i0j-k1l2m3n4o5pG, Isabella Lee, isabella.l@example.com, Austin
1a2b3c4d-5e6f-7g8h-9i0j-k1l2m3n4o5pH, Jack Walker, jack.w@example.com, Jacksonville
1a2b3c4d-5e6f-7g8h-9i0j-k1l2m3n4o5pI, Lily Hall, lily.h@example.com, San Francisco
1a2b3c4d-5e6f-7g8h-9i0j-k1l2m3n4o5pJ, Michael Young, michael.y@example.com, Columbus
1a2b3c4d-5e6f-7g8h-9i0j-k1l2m3n4o5pK, Natalie Hernandez, natalie.h@example.com, Fort Worth
1a2b3c4d-5e6f-7g8h-9i0j-k1l2m3n4o5pL, Oliver King, oliver.k@example.com, Charlotte
1a2b3c4d-5e6f-7g8h-9i0j-k1l2m3n4o5pM, Penelope Wright, penelope.w@example.com, Detroit
1a2b3c4d-5e6f-7g8h-9i0j-k1l2m3n4o5pN, Quentin Scott, quentin.s@example.com, El Paso
1a2b3c4d-5e6f-7g8h-9i0j-k1l2m3n4o5pO, Rachel Green, rachel.g@example.com, Seattle
1a2b3c4d-5e6f-7g8h-9i0j-k1l2m3n4o5p6, John Doe, johndoe@example.com, New York
1a2b3c4d-5e6f-7g8h-9i0j-k1l2m3n4o5p7, Jane Smith, janesmith@example.com, Los Angeles
1a2b3c4d-5e6f-7g8h-9i0j-k1l2m3n4o5p8, Alice Johnson, alice.j@example.com, Chicago
1a2b3c4d-5e6f-7g8h-9i0j-k1l2m3n4o5p9, Bob Brown, bob.brown@example.com, Houston
1a2b3c4d-5e6f-7g8h-9i0j-k1l2m3n4o5pA, Charlie Davis, charlie.d@example.com, Phoenix
1a2b3c4d-5e6f-7g8h-9i0j-k1l2m3n4o5pB, David Wilson, david.w@example.com, Philadelphia
1a2b3c4d-5e6f-7g8h-9i0j-k1l2m3n4o5pC, Emma Thompson, emma.t@example.com, San Antonio
1a2b3c4d-5e6f-7g8h-9i0j-k1l2m3n4o5pD, Frank Garcia, frank.g@example.com, San Diego
1a2b3c4d-5e6f-7g8h-9i0j-k1l2m3n4o5pE, Grace Martinez, grace.m@example.com, Dallas
1a2b3c4d-5e6f-7g8h-9i0j-k1l2m3n4o5pF, Henry Rodriguez, henry.r@example.com, San Jose
1a2b3c4d-5e6f-7g8h-9i0j-k1l2m3n4o5pG, Isabella Lee, isabella.l@example.com, Austin
1a2b3c4d-5e6f-7g8h-9i0j-k1l2m3n4o5pH, Jack Walker, jack.w@example.com, Jacksonville
1a2b3c4d-5e6f-7g8h-9i0j-k1l2m3n4o5pI, Lily Hall, lily.h@example.com, San Francisco
1a2b3c4d-5e6f-7g8h-9i0j-k1l2m3n4o5pJ, Michael Young, michael.y@example.com, Columbus
1a2b3c4d-5e6f-7g8h-9i0j-k1l2m3n4o5pK, Natalie Hernandez, natalie.h@example.com, Fort Worth
1a2b3c4d-5e6f-7g8h-9i0j-k1l2m3n4o5pL, Oliver King, oliver.k@example.com, Charlotte
1a2b3c4d-5e6f-7g8h-9i0j-k1l2m3n4o5pM, Penelope Wright, penelope.w@example.com, Detroit
1a2b3c4d-5e6f-7g8h-9i0j-k1l2m3n4o5pN, Quentin Scott, quentin.s@example.com, El Paso
1a2b3c4d-5e6f-7g8h-9i0j-k1l2m3n4o5pO, Rachel Green, rachel.g@example.com, Seattle
1a2b3c4d-5e6f-7g8h-9i0j-k1l2m3n4o5p6, John Doe, johndoe@example.com, New York
1a2b3c4d-5e6f-7g8h-9i0j-k1l2m3n4o5p7, Jane Smith, janesmith@example.com, Los Angeles
1a2b3c4d-5e6f-7g8h-9i0j-k1l2m3n4o5p8, Alice Johnson, alice.j@example.com, Chicago
1a2b3c4d-5e6f-7g8h-9i0j-k1l2m3n4o5p9, Bob Brown, bob.brown@example.com, Houston
1a2b3c4d-5e6f-7g8h-9i0j-k1l2m3n4o5pA, Charlie Davis, charlie.d@example.com, Phoenix
1a2b3c4d-5e6f-7g8h-9i0j-k1l2m3n4o5pB, David Wilson, david.w@example.com, Philadelphia
1a2b3c4d-5e6f-7g8h-9i0j-k1l2m3n4o5pC, Emma Thompson, emma.t@example.com, San Antonio
1a2b3c4d-5e6f-7g8h-9i0j-k1l2m3n4o5pD, Frank Garcia, frank.g@example.com, San Diego
1a2b3c4d-5e6f-7g8h-9i0j-k1l2m3n4o5pE, Grace Martinez, grace.m@example.com, Dallas
1a2b3c4d-5e6f-7g8h-9i0j-k1l2m3n4o5pF, Henry Rodriguez, henry.r@example.com, San Jose
1a2b3c4d-5e6f-7g8h-9i0j-k1l2m3n4o5pG, Isabella Lee, isabella.l@example.com, Austin
1a2b3c4d-5e6f-7g8h-9i0j-k1l2m3n4o5pH, Jack Walker, jack.w@example.com, Jacksonville
1a2b3c4d-5e6f-7g8h-9i0j-k1l2m3n4o5pI, Lily Hall, lily.h@example.com, San Francisco
1a2b3c4d-5e6f-7g8h-9i0j-k1l2m3n4o5pJ, Michael Young, michael.y@example.com, Columbus
1a2b3c4d-5e6f-7g8h-9i0j-k1l2m3n4o5pK, Natalie Hernandez, natalie.h@example.com, Fort Worth
1a2b3c4d-5e6f-7g8h-9i0j-k1l2m3n4o5pL, Oliver King, oliver.k@example.com, Charlotte
1a2b3c4d-5e6f-7g8h-9i0j-k1l2m3n4o5pM, Penelope Wright, penelope.w@example.com, Detroit
1a2b3c4d-5e6f-7g8h-9i0j-k1l2m3n4o5pN, Quentin Scott, quentin.s@example.com, El Paso
1a2b3c4d-5e6f-7g8h-9i0j-k1l2m3n4o5pO, Rachel Green, rachel.g@example.com, Seattle
1a2b3c4d-5e6f-7g8h-9i0j-k1l2m3n4o5p6, John Doe, johndoe@example.com, New York
1a2b3c4d-5e6f-7g8h-9i0j-k1l2m3n4o5p7, Jane Smith, janesmith@example.com, Los Angeles
1a2b3c4d-5e6f-7g8h-9i0j-k1l2m3n4o5p8, Alice Johnson, alice.j@example.com, Chicago
1a2b3c4d-5e6f-7g8h-9i0j-k1l2m3n4o5p9, Bob Brown, bob.brown@example.com, Houston
1a2b3c4d-5e6f-7g8h-9i0j-k1l2m3n4o5pA, Charlie Davis, charlie.d@example.com, Phoenix
1a2b3c4d-5e6f-7g8h-9i0j-k1l2m3n4o5pB, David Wilson, david.w@example.com, Philadelphia
1a2b3c4d-5e6f-7g8h-9i0j-k1l2m3n4o5pC, Emma Thompson, emma.t@example.com, San Antonio
1a2b3c4d-5e6f-7g8h-9i0j-k1l2m3n4o5pD, Frank Garcia, frank.g@example.com, San Diego
1a2b3c4d-5e6f-7g8h-9i0j-k1l2m3n4o5pE, Grace Martinez, grace.m@example.com, Dallas
1a2b3c4d-5e6f-7g8h-9i0j-k1l2m3n4o5pF, Henry Rodriguez, henry.r@example.com, San Jose
1a2b3c4d-5e6f-7g8h-9i0j-k1l2m3n4o5pG, Isabella Lee, isabella.l@example.com, Austin
1a2b3c4d-5e6f-7g8h-9i0j-k1l2m3n4o5pH, Jack Walker, jack.w@example.com, Jacksonville
1a2b3c4d-5e6f-7g8h-9i0j-k1l2m3n4o5pI, Lily Hall, lily.h@example.com, San Francisco
1a2b3c4d-5e6f-7g8h-9i0j-k1l2m3n4o5pJ, Michael Young, michael.y@example.com, Columbus
1a2b3c4d-5e6f-7g8h-9i0j-k1l2m3n4o5pK, Natalie Hernandez, natalie.h@example.com, Fort Worth
1a2b3c4d-5e6f-7g8h-9i0j-k1l2m3n4o5pL, Oliver King, oliver.k@example.com, Charlotte
1a2b3c4d-5e6f-7g8h-9i0j-k1l2m3n4o5pM, Penelope Wright, penelope.w@example.com, Detroit
1a2b3c4d-5e6f-7g8h-9i0j-k1l2m3n4o5pN, Quentin Scott, quentin.s@example.com, El Paso
1a2b3c4d-5e6f-7g8h-9i0j-k1l2m3n4o5pO, Rachel Green, rachel.g@example.com, Seattle
1a2b3c4d-5e6f-7g8h-9i0j-k1l2m3n4o5p6, John Doe, johndoe@example.com, New York
1a2b3c4d-5e6f-7g8h-9i0j-k1l2m3n4o5p7, Jane Smith, janesmith@example.com, Los Angeles
1a2b3c4d-5e6f-7g8h-9i0j-k1l2m3n4o5p8, Alice Johnson, alice.j@example.com, Chicago
1a2b3c4d-5e6f-7g8h-9i0j-k1l2m3n4o5p9, Bob Brown, bob.brown@example.com, Houston
1a2b3c4d-5e6f-7g8h-9i0j-k1l2m3n4o5pA, Charlie Davis, charlie.d@example.com, Phoenix
1a2b3c4d-5e6f-7g8h-9i0j-k1l2m3n4o5pB, David Wilson, david.w@example.com, Philadelphia
1a2b3c4d-5e6f-7g8h-9i0j-k1l2m3n4o5pC, Emma Thompson, emma.t@example.com, San Antonio
1a2b3c4d-5e6f-7g8h-9i0j-k1l2m3n4o5pD, Frank Garcia, frank.g@example.com, San Diego
1a2b3c4d-5e6f-7g8h-9i0j-k1l2m3n4o5pE, Grace Martinez, grace.m@example.com, Dallas
1a2b3c4d-5e6f-7g8h-9i0j-k1l2m3n4o5pF, Henry Rodriguez, henry.r@example.com, San Jose
1a2b3c4d-5e6f-7g8h-9i0j-k1l2m3n4o5pG, Isabella Lee, isabella.l@example.com, Austin
1a2b3c4d-5e6f-7g8h-9i0j-k1l2m3n4o5pH, Jack Walker, jack.w@example.com, Jacksonville
1a2b3c4d-5e6f-7g8h-9i0j-k1l2m3n4o5pI, Lily Hall, lily.h@example.com, San Francisco
1a2b3c4d-5e6f-7g8h-9i0j-k1l2m3n4o5pJ, Michael Young, michael.y@example.com, Columbus
1a2b3c4d-5e6f-7g8h-9i0j-k1l2m3n4o5pK, Natalie Hernandez, natalie.h@example.com, Fort Worth
1a2b3c4d-5e6f-7g8h-9i0j-k1l2m3n4o5pL, Oliver King, oliver.k@example.com, Charlotte
1a2b3c4d-5e6f-7g8h-9i0j-k1l2m3n4o5pM, Penelope Wright, penelope.w@example.com, Detroit
1a2b3c4d-5e6f-7g8h-9i0j-k1l2m3n4o5pN, Quentin Scott, quentin.s@example.com, El Paso
1a2b3c4d-5e6f-7g8h-9i0j-k1l2m3n4o5pO, Rachel Green, rachel.g@example.com, Seattle
1a2b3c4d-5e6f-7g8h-9i0j-k1l2m3n4o5p6, John Doe, johndoe@example.com, New York
1a2b3c4d-5e6f-7g8h-9i0j-k1l2m3n4o5p7, Jane Smith, janesmith@example.com, Los Angeles
1a2b3c4d-5e6f-7g8h-9i0j-k1l2m3n4o5p8, Alice Johnson, alice.j@example.com, Chicago
1a2b3c4d-5e6f-7g8h-9i0j-k1l2m3n4o5p9, Bob Brown, bob.brown@example.com, Houston
1a2b3c4d-5e6f-7g8h-9i0j-k1l2m3n4o5pA, Charlie Davis, charlie.d@example.com, Phoenix
1a2b3c4d-5e6f-7g8h-9i0j-k1l2m3n4o5pB, David Wilson, david.w@example.com, Philadelphia
1a2b3c4d-5e6f-7g8h-9i0j-k1l2m3n4o5pC, Emma Thompson, emma.t@example.com, San Antonio
1a2b3c4d-5e6f-7g8h-9i0j-k1l2m3n4o5pD, Frank Garcia, frank.g@example.com, San Diego
1a2b3c4d-5e6f-7g8h-9i0j-k1l2m3n4o5pE, Grace Martinez, grace.m@example.com, Dallas
1a2b3c4d-5e6f-7g8h-9i0j-k1l2m3n4o5pF, Henry Rodriguez, henry.r@example.com, San Jose
1a2b3c4d-5e6f-7g8h-9i0j-k1l2m3n4o5pG, Isabella Lee, isabella.l@example.com, Austin
1a2b3c4d-5e6f-7g8h-9i0j-k1l2m3n4o5pH, Jack Walker, jack.w@example.com, Jacksonville
1a2b3c4d-5e6f-7g8h-9i0j-k1l2m3n4o5pI, Lily Hall, lily.h@example.com, San Francisco
1a2b3c4d-5e6f-7g8h-9i0j-k1l2m3n4o5pJ, Michael Young, michael.y@example.com, Columbus
1a2b3c4d-5e6f-7g8h-9i0j-k1l2m3n4o5pK, Natalie Hernandez, natalie.h@example.com, Fort Worth
1a2b3c4d-5e6f-7g8h-9i0j-k1l2m3n4o5pL, Oliver King, oliver.k@example.com, Charlotte
1a2b3c4d-5e6f-7g8h-9i0j-k1l2m3n4o5pM, Penelope Wright, penelope.w@example.com, Detroit
1a2b3c4d-5e6f-7g8h-9i0j-k1l2m3n4o5pN, Quentin Scott, quentin.s@example.com, El Paso
1a2b3c4d-5e6f-7g8h-9i0j-k1l2m3n4o5pO, Rachel Green, rachel.g@example.com, Seattle
1a2b3c4d-5e6f-7g8h-9i0j-k1l2m3n4o5p6, John Doe, johndoe@example.com, New York
1a2b3c4d-5e6f-7g8h-9i0j-k1l2m3n4o5p7, Jane Smith, janesmith@example.com, Los Angeles
1a2b3c4d-5e6f-7g8h-9i0j-k1l2m3n4o5p8, Alice Johnson, alice.j@example.com, Chicago
1a2b3c4d-5e6f-7g8h-9i0j-k1l2m3n4o5p9, Bob Brown, bob.brown@example.com, Houston
1a2b3c4d-5e6f-7g8h-9i0j-k1l2m3n4o5pA, Charlie Davis, charlie.d@example.com, Phoenix
1a2b3c4d-5e6f-7g8h-9i0j-k1l2m3n4o5pB, David Wilson, david.w@example.com, Philadelphia
1a2b3c4d-5e6f-7g8h-9i0j-k1l2m3n4o5pC, Emma Thompson, emma.t@example.com, San Antonio
1a2b3c4d-5e6f-7g8h-9i0j-k1l2m3n4o5pD, Frank Garcia, frank.g@example.com, San Diego
1a2b3c4d-5e6f-7g8h-9i0j-k1l2m3n4o5pE, Grace Martinez, grace.m@example.com, Dallas
1a2b3c4d-5e6f-7g8h-9i0j-k1l2m3n4o5pF, Henry Rodriguez, henry.r@example.com, San Jose
1a2b3c4d-5e6f-7g8h-9i0j-k1l2m3n4o5pG, Isabella Lee, isabella.l@example.com, Austin
1a2b3c4d-5e6f-7g8h-9i0j-k1l2m3n4o5pH, Jack Walker, jack.w@example.com, Jacksonville
1a2b3c4d-5e6f-7g8h-9i0j-k1l2m3n4o5pI, Lily Hall, lily.h@example.com, San Francisco
1a2b3c4d-5e6f-7g8h-9i0j-k1l2m3n4o5pJ, Michael Young, michael.y@example.com, Columbus
1a2b3c4d-5e6f-7g8h-9i0j-k1l2m3n4o5pK, Natalie Hernandez, natalie.h@example.com, Fort Worth
1a2b3c4d-5e6f-7g8h-9i0j-k1l2m3n4o5pL, Oliver King, oliver.k@example.com, Charlotte
1a2b3c4d-5e6f-7g8h-9i0j-k1l2m3n4o5pM, Penelope Wright, penelope.w@example.com, Detroit
1a2b3c4d-5e6f-7g8h-9i0j-k1l2m3n4o5pN, Quentin Scott, quentin.s@example.com, El Paso
1a2b3c4d-5e6f-7g8h-9i0j-k1l2m3n4o5pO, Rachel Green, rachel.g@example.com, Seattle
1a2b3c4d-5e6f-7g8h-9i0j-k1l2m3n4o5p6, John Doe, johndoe@example.com, New York
1a2b3c4d-5e6f-7g8h-9i0j-k1l2m3n4o5p7, Jane Smith, janesmith@example.com, Los Angeles
1a2b3c4d-5e6f-7g8h-9i0j-k1l2m3n4o5p8, Alice Johnson, alice.j@example.com, Chicago
1a2b3c4d-5e6f-7g8h-9i0j-k1l2m3n4o5p9, Bob Brown, bob.brown@example.com, Houston
1a2b3c4d-5e6f-7g8h-9i0j-k1l2m3n4o5pA, Charlie Davis, charlie.d@example.com, Phoenix
1a2b3c4d-5e6f-7g8h-9i0j-k1l2m3n4o5pB, David Wilson, david.w@example.com, Philadelphia
1a2b3c4d-5e6f-7g8h-9i0j-k1l2m3n4o5pC, Emma Thompson, emma.t@example.com, San Antonio
1a2b3c4d-5e6f-7g8h-9i0j-k1l2m3n4o5pD, Frank Garcia, frank.g@example.com, San Diego
1a2b3c4d-5e6f-7g8h-9i0j-k1l2m3n4o5pE, Grace Martinez, grace.m@example.com, Dallas
1a2b3c4d-5e6f-7g8h-9i0j-k1l2m3n4o5pF, Henry Rodriguez, henry.r@example.com, San Jose
1a2b3c4d-5e6f-7g8h-9i0j-k1l2m3n4o5pG, Isabella Lee, isabella.l@example.com, Austin
1a2b3c4d-5e6f-7g8h-9i0j-k1l2m3n4o5pH, Jack Walker, jack.w@example.com, Jacksonville
1a2b3c4d-5e6f-7g8h-9i0j-k1l2m3n4o5pI, Lily Hall, lily.h@example.com, San Francisco
1a2b3c4d-5e6f-7g8h-9i0j-k1l2m3n4o5pJ, Michael Young, michael.y@example.com, Columbus
1a2b3c4d-5e6f-7g8h-9i0j-k1l2m3n4o5pK, Natalie Hernandez, natalie.h@example.com, Fort Worth
1a2b3c4d-5e6f-7g8h-9i0j-k1l2m3n4o5pL, Oliver King, oliver.k@example.com, Charlotte
1a2b3c4d-5e6f-7g8h-9i0j-k1l2m3n4o5pM, Penelope Wright, penelope.w@example.com, Detroit
1a2b3c4d-5e6f-7g8h-9i0j-k1l2m3n4o5pN, Quentin Scott, quentin.s@example.com, El Paso
1a2b3c4d-5e6f-7g8h-9i0j-k1l2m3n4o5pO, Rachel Green, rachel.g@example.com, Seattle
1a2b3c4d-5e6f-7g8h-9i0j-k1l2m3n4o5p6, John Doe, johndoe@example.com, New York
1a2b3c4d-5e6f-7g8h-9i0j-k1l2m3n4o5p7, Jane Smith, janesmith@example.com, Los Angeles
1a2b3c4d-5e6f-7g8h-9i0j-k1l2m3n4o5p8, Alice Johnson, alice.j@example.com, Chicago
1a2b3c4d-5e6f-7g8h-9i0j-k1l2m3n4o5p9, Bob Brown, bob.brown@example.com, Houston
1a2b3c4d-5e6f-7g8h-9i0j-k1l2m3n4o5pA, Charlie Davis, charlie.d@example.com, Phoenix
1a2b3c4d-5e6f-7g8h-9i0j-k1l2m3n4o5pB, David Wilson, david.w@example.com, Philadelphia
1a2b3c4d-5e6f-7g8h-9i0j-k1l2m3n4o5pC, Emma Thompson, emma.t@example.com, San Antonio
1a2b3c4d-5e6f-7g8h-9i0j-k1l2m3n4o5pD, Frank Garcia, frank.g@example.com, San Diego
1a2b3c4d-5e6f-7g8h-9i0j-k1l2m3n4o5pE, Grace Martinez, grace.m@example.com, Dallas
1a2b3c4d-5e6f-7g8h-9i0j-k1l2m3n4o5pF, Henry Rodriguez, henry.r@example.com, San Jose
1a2b3c4d-5e6f-7g8h-9i0j-k1l2m3n4o5pG, Isabella Lee, isabella.l@example.com, Austin
1a2b3c4d-5e6f-7g8h-9i0j-k1l2m3n4o5pH, Jack Walker, jack.w@example.com, Jacksonville
1a2b3c4d-5e6f-7g8h-9i0j-k1l2m3n4o5pI, Lily Hall, lily.h@example.com, San Francisco
1a2b3c4d-5e6f-7g8h-9i0j-k1l2m3n4o5pJ, Michael Young, michael.y@example.com, Columbus
1a2b3c4d-5e6f-7g8h-9i0j-k1l2m3n4o5pK, Natalie Hernandez, natalie.h@example.com, Fort Worth
1a2b3c4d-5e6f-7g8h-9i0j-k1l2m3n4o5pL, Oliver King, oliver.k@example.com, Charlotte
1a2b3c4d-5e6f-7g8h-9i0j-k1l2m3n4o5pM, Penelope Wright, penelope.w@example.com, Detroit
1a2b3c4d-5e6f-7g8h-9i0j-k1l2m3n4o5pN, Quentin Scott, quentin.s@example.com, El Paso
1a2b3c4d-5e6f-7g8h-9i0j-k1l2m3n4o5pO, Rachel Green, rachel.g@example.com, Seattle
1a2b3c4d-5e6f-7g8h-9i0j-k1l2m3n4o5p6, John Doe, johndoe@example.com, New York
1a2b3c4d-5e6f-7g8h-9i0j-k1l2m3n4o5p7, Jane Smith, janesmith@example.com, Los Angeles
1a2b3c4d-5e6f-7g8h-9i0j-k1l2m3n4o5p8, Alice Johnson, alice.j@example.com, Chicago
1a2b3c4d-5e6f-7g8h-9i0j-k1l2m3n4o5p9, Bob Brown, bob.brown@example.com, Houston
1a2b3c4d-5e6f-7g8h-9i0j-k1l2m3n4o5pA, Charlie Davis, charlie.d@example.com, Phoenix
1a2b3c4d-5e6f-7g8h-9i0j-k1l2m3n4o5pB, David Wilson, david.w@example.com, Philadelphia
1a2b3c4d-5e6f-7g8h-9i0j-k1l2m3n4o5pC, Emma Thompson, emma.t@example.com, San Antonio
1a2b3c4d-5e6f-7g8h-9i0j-k1l2m3n4o5pD, Frank Garcia, frank.g@example.com, San Diego
1a2b3c4d-5e6f-7g8h-9i0j-k1l2m3n4o5pE, Grace Martinez, grace.m@example.com, Dallas
1a2b3c4d-5e6f-7g8h-9i0j-k1l2m3n4o5pF, Henry Rodriguez, henry.r@example.com, San Jose
1a2b3c4d-5e6f-7g8h-9i0j-k1l2m3n4o5pG, Isabella Lee, isabella.l@example.com, Austin
1a2b3c4d-5e6f-7g8h-9i0j-k1l2m3n4o5pH, Jack Walker, jack.w@example.com, Jacksonville
1a2b3c4d-5e6f-7g8h-9i0j-k1l2m3n4o5pI, Lily Hall, lily.h@example.com, San Francisco
1a2b3c4d-5e6f-7g8h-9i0j-k1l2m3n4o5pJ, Michael Young, michael.y@example.com, Columbus
1a2b3c4d-5e6f-7g8h-9i0j-k1l2m3n4o5pK, Natalie Hernandez, natalie.h@example.com, Fort Worth
1a2b3c4d-5e6f-7g8h-9i0j-k1l2m3n4o5pL, Oliver King, oliver.k@example.com, Charlotte
1a2b3c4d-5e6f-7g8h-9i0j-k1l2m3n4o5pM, Penelope Wright, penelope.w@example.com, Detroit
1a2b3c4d-5e6f-7g8h-9i0j-k1l2m3n4o5pN, Quentin Scott, quentin.s@example.com, El Paso
1a2b3c4d-5e6f-7g8h-9i0j-k1l2m3n4o5pO, Rachel Green, rachel.g@example.com, Seattle
1a2b3c4d-5e6f-7g8h-9i0j-k1l2m3n4o5p6, John Doe, johndoe@example.com, New York
1a2b3c4d-5e6f-7g8h-9i0j-k1l2m3n4o5p7, Jane Smith, janesmith@example.com, Los Angeles
1a2b3c4d-5e6f-7g8h-9i0j-k1l2m3n4o5p8, Alice Johnson, alice.j@example.com, Chicago
1a2b3c4d-5e6f-7g8h-9i0j-k1l2m3n4o5p9, Bob Brown, bob.brown@example.com, Houston
1a2b3c4d-5e6f-7g8h-9i0j-k1l2m3n4o5pA, Charlie Davis, charlie.d@example.com, Phoenix
1a2b3c4d-5e6f-7g8h-9i0j-k1l2m3n4o5pB, David Wilson, david.w@example.com, Philadelphia
1a2b3c4d-5e6f-7g8h-9i0j-k1l2m3n4o5pC, Emma Thompson, emma.t@example.com, San Antonio
1a2b3c4d-5e6f-7g8h-9i0j-k1l2m3n4o5pD, Frank Garcia, frank.g@example.com, San Diego
1a2b3c4d-5e6f-7g8h-9i0j-k1l2m3n4o5pE, Grace Martinez, grace.m@example.com, Dallas
1a2b3c4d-5e6f-7g8h-9i0j-k1l2m3n4o5pF, Henry Rodriguez, henry.r@example.com, San Jose
1a2b3c4d-5e6f-7g8h-9i0j-k1l2m3n4o5pG, Isabella Lee, isabella.l@example.com, Austin
1a2b3c4d-5e6f-7g8h-9i0j-k1l2m3n4o5pH, Jack Walker, jack.w@example.com, Jacksonville
1a2b3c4d-5e6f-7g8h-9i0j-k1l2m3n4o5pI, Lily Hall, lily.h@example.com, San Francisco
1a2b3c4d-5e6f-7g8h-9i0j-k1l2m3n4o5pJ, Michael Young, michael.y@example.com, Columbus
1a2b3c4d-5e6f-7g8h-9i0j-k1l2m3n4o5pK, Natalie Hernandez, natalie.h@example.com, Fort Worth
1a2b3c4d-5e6f-7g8h-9i0j-k1l2m3n4o5pL, Oliver King, oliver.k@example.com, Charlotte
1a2b3c4d-5e6f-7g8h-9i0j-k1l2m3n4o5pM, Penelope Wright, penelope.w@example.com, Detroit
1a2b3c4d-5e6f-7g8h-9i0j-k1l2m3n4o5pN, Quentin Scott, quentin.s@example.com, El Paso
1a2b3c4d-5e6f-7g8h-9i0j-k1l2m3n4o5pO, Rachel Green, rachel.g@example.com, Seattle
1a2b3c4d-5e6f-7g8h-9i0j-k1l2m3n4o5p6, John Doe, johndoe@example.com, New York
1a2b3c4d-5e6f-7g8h-9i0j-k1l2m3n4o5p7, Jane Smith, janesmith@example.com, Los Angeles
1a2b3c4d-5e6f-7g8h-9i0j-k1l2m3n4o5p8, Alice Johnson, alice.j@example.com, Chicago
1a2b3c4d-5e6f-7g8h-9i0j-k1l2m3n4o5p9, Bob Brown, bob.brown@example.com, Houston
1a2b3c4d-5e6f-7g8h-9i0j-k1l2m3n4o5pA, Charlie Davis, charlie.d@example.com, Phoenix
1a2b3c4d-5e6f-7g8h-9i0j-k1l2m3n4o5pB, David Wilson, david.w@example.com, Philadelphia
1a2b3c4d-5e6f-7g8h-9i0j-k1l2m3n4o5pC, Emma Thompson, emma.t@example.com, San Antonio
1a2b3c4d-5e6f-7g8h-9i0j-k1l2m3n4o5pD, Frank Garcia, frank.g@example.com, San Diego
1a2b3c4d-5e6f-7g8h-9i0j-k1l2m3n4o5pE, Grace Martinez, grace.m@example.com, Dallas
1a2b3c4d-5e6f-7g8h-9i0j-k1l2m3n4o5pF, Henry Rodriguez, henry.r@example.com, San Jose
1a2b3c4d-5e6f-7g8h-9i0j-k1l2m3n4o5pG, Isabella Lee, isabella.l@example.com, Austin
1a2b3c4d-5e6f-7g8h-9i0j-k1l2m3n4o5pH, Jack Walker, jack.w@example.com, Jacksonville
1a2b3c4d-5e6f-7g8h-9i0j-k1l2m3n4o5pI, Lily Hall, lily.h@example.com, San Francisco
1a2b3c4d-5e6f-7g8h-9i0j-k1l2m3n4o5pJ, Michael Young, michael.y@example.com, Columbus
1a2b3c4d-5e6f-7g8h-9i0j-k1l2m3n4o5pK, Natalie Hernandez, natalie.h@example.com, Fort Worth
1a2b3c4d-5e6f-7g8h-9i0j-k1l2m3n4o5pL, Oliver King, oliver.k@example.com, Charlotte
1a2b3c4d-5e6f-7g8h-9i0j-k1l2m3n4o5pM, Penelope Wright, penelope.w@example.com, Detroit
1a2b3c4d-5e6f-7g8h-9i0j-k1l2m3n4o5pN, Quentin Scott, quentin.s@example.com, El Paso
1a2b3c4d-5e6f-7g8h-9i0j-k1l2m3n4o5pO, Rachel Green, rachel.g@example.com, Seattle
1a2b3c4d-5e6f-7g8h-9i0j-k1l2m3n4o5p6, John Doe, johndoe@example.com, New York
1a2b3c4d-5e6f-7g8h-9i0j-k1l2m3n4o5p7, Jane Smith, janesmith@example.com, Los Angeles
1a2b3c4d-5e6f-7g8h-9i0j-k1l2m3n4o5p8, Alice Johnson, alice.j@example.com, Chicago
1a2b3c4d-5e6f-7g8h-9i0j-k1l2m3n4o5p9, Bob Brown, bob.brown@example.com, Houston
1a2b3c4d-5e6f-7g8h-9i0j-k1l2m3n4o5pA, Charlie Davis, charlie.d@example.com, Phoenix
1a2b3c4d-5e6f-7g8h-9i0j-k1l2m3n4o5pB, David Wilson, david.w@example.com, Philadelphia
1a2b3c4d-5e6f-7g8h-9i0j-k1l2m3n4o5pC, Emma Thompson, emma.t@example.com, San Antonio
1a2b3c4d-5e6f-7g8h-9i0j-k1l2m3n4o5pD, Frank Garcia, frank.g@example.com, San Diego
1a2b3c4d-5e6f-7g8h-9i0j-k1l2m3n4o5pE, Grace Martinez, grace.m@example.com, Dallas
1a2b3c4d-5e6f-7g8h-9i0j-k1l2m3n4o5pF, Henry Rodriguez, henry.r@example.com, San Jose
1a2b3c4d-5e6f-7g8h-9i0j-k1l2m3n4o5pG, Isabella Lee, isabella.l@example.com, Austin
1a2b3c4d-5e6f-7g8h-9i0j-k1l2m3n4o5pH, Jack Walker, jack.w@example.com, Jacksonville
1a2b3c4d-5e6f-7g8h-9i0j-k1l2m3n4o5pI, Lily Hall, lily.h@example.com, San Francisco
1a2b3c4d-5e6f-7g8h-9i0j-k1l2m3n4o5pJ, Michael Young, michael.y@example.com, Columbus
1a2b3c4d-5e6f-7g8h-9i0j-k1l2m3n4o5pK, Natalie Hernandez, natalie.h@example.com, Fort Worth
1a2b3c4d-5e6f-7g8h-9i0j-k1l2m3n4o5pL, Oliver King, oliver.k@example.com, Charlotte
1a2b3c4d-5e6f-7g8h-9i0j-k1l2m3n4o5pM, Penelope Wright, penelope.w@example.com, Detroit
1a2b3c4d-5e6f-7g8h-9i0j-k1l2m3n4o5pN, Quentin Scott, quentin.s@example.com, El Paso
1a2b3c4d-5e6f-7g8h-9i0j-k1l2m3n4o5pO, Rachel Green, rachel.g@example.com, Seattle
1a2b3c4d-5e6f-7g8h-9i0j-k1l2m3n4o5p6, John Doe, johndoe@example.com, New York
1a2b3c4d-5e6f-7g8h-9i0j-k1l2m3n4o5p7, Jane Smith, janesmith@example.com, Los Angeles
1a2b3c4d-5e6f-7g8h-9i0j-k1l2m3n4o5p8, Alice Johnson, alice.j@example.com, Chicago
1a2b3c4d-5e6f-7g8h-9i0j-k1l2m3n4o5p9, Bob Brown, bob.brown@example.com, Houston
1a2b3c4d-5e6f-7g8h-9i0j-k1l2m3n4o5pA, Charlie Davis, charlie.d@example.com, Phoenix
1a2b3c4d-5e6f-7g8h-9i0j-k1l2m3n4o5pB, David Wilson, david.w@example.com, Philadelphia
1a2b3c4d-5e6f-7g8h-9i0j-k1l2m3n4o5pC, Emma Thompson, emma.t@example.com, San Antonio
1a2b3c4d-5e6f-7g8h-9i0j-k1l2m3n4o5pD, Frank Garcia, frank.g@example.com, San Diego
1a2b3c4d-5e6f-7g8h-9i0j-k1l2m3n4o5pE, Grace Martinez, grace.m@example.com, Dallas
1a2b3c4d-5e6f-7g8h-9i0j-k1l2m3n4o5pF, Henry Rodriguez, henry.r@example.com, San Jose
1a2b3c4d-5e6f-7g8h-9i0j-k1l2m3n4o5pG, Isabella Lee, isabella.l@example.com, Austin
1a2b3c4d-5e6f-7g8h-9i0j-k1l2m3n4o5pH, Jack Walker, jack.w@example.com, Jacksonville
1a2b3c4d-5e6f-7g8h-9i0j-k1l2m3n4o5pI, Lily Hall, lily.h@example.com, San Francisco
1a2b3c4d-5e6f-7g8h-9i0j-k1l2m3n4o5pJ, Michael Young, michael.y@example.com, Columbus
1a2b3c4d-5e6f-7g8h-9i0j-k1l2m3n4o5pK, Natalie Hernandez, natalie.h@example.com, Fort Worth
1a2b3c4d-5e6f-7g8h-9i0j-k1l2m3n4o5pL, Oliver King, oliver.k@example.com, Charlotte
1a2b3c4d-5e6f-7g8h-9i0j-k1l2m3n4o5pM, Penelope Wright, penelope.w@example.com, Detroit
1a2b3c4d-5e6f-7g8h-9i0j-k1l2m3n4o5pN, Quentin Scott, quentin.s@example.com, El Paso
1a2b3c4d-5e6f-7g8h-9i0j-k1l2m3n4o5pO, Rachel Green, rachel.g@example.com, Seattle
1a2b3c4d-5e6f-7g8h-9i0j-k1l2m3n4o5p6, John Doe, johndoe@example.com, New York
1a2b3c4d-5e6f-7g8h-9i0j-k1l2m3n4o5p7, Jane Smith, janesmith@example.com, Los Angeles
1a2b3c4d-5e6f-7g8h-9i0j-k1l2m3n4o5p8, Alice Johnson, alice.j@example.com, Chicago
1a2b3c4d-5e6f-7g8h-9i0j-k1l2m3n4o5p9, Bob Brown, bob.brown@example.com, Houston
1a2b3c4d-5e6f-7g8h-9i0j-k1l2m3n4o5pA, Charlie Davis, charlie.d@example.com, Phoenix
1a2b3c4d-5e6f-7g8h-9i0j-k1l2m3n4o5pB, David Wilson, david.w@example.com, Philadelphia
1a2b3c4d-5e6f-7g8h-9i0j-k1l2m3n4o5pC, Emma Thompson, emma.t@example.com, San Antonio
1a2b3c4d-5e6f-7g8h-9i0j-k1l2m3n4o5pD, Frank Garcia, frank.g@example.com, San Diego
1a2b3c4d-5e6f-7g8h-9i0j-k1l2m3n4o5pE, Grace Martinez, grace.m@example.com, Dallas
1a2b3c4d-5e6f-7g8h-9i0j-k1l2m3n4o5pF, Henry Rodriguez, henry.r@example.com, San Jose
1a2b3c4d-5e6f-7g8h-9i0j-k1l2m3n4o5pG, Isabella Lee, isabella.l@example.com, Austin
1a2b3c4d-5e6f-7g8h-9i0j-k1l2m3n4o5pH, Jack Walker, jack.w@example.com, Jacksonville
1a2b3c4d-5e6f-7g8h-9i0j-k1l2m3n4o5pI, Lily Hall, lily.h@example.com, San Francisco
1a2b3c4d-5e6f-7g8h-9i0j-k1l2m3n4o5pJ, Michael Young, michael.y@example.com, Columbus
1a2b3c4d-5e6f-7g8h-9i0j-k1l2m3n4o5pK, Natalie Hernandez, natalie.h@example.com, Fort Worth
1a2b3c4d-5e6f-7g8h-9i0j-k1l2m3n4o5pL, Oliver King, oliver.k@example.com, Charlotte
1a2b3c4d-5e6f-7g8h-9i0j-k1l2m3n4o5pM, Penelope Wright, penelope.w@example.com, Detroit
1a2b3c4d-5e6f-7g8h-9i0j-k1l2m3n4o5pN, Quentin Scott, quentin.s@example.com, El Paso
1a2b3c4d-5e6f-7g8h-9i0j-k1l2m3n4o5pO, Rachel Green, rachel.g@example.com, Seattle
1a2b3c4d-5e6f-7g8h-9i0j-k1l2m3n4o5p6, John Doe, johndoe@example.com, New York
1a2b3c4d-5e6f-7g8h-9i0j-k1l2m3n4o5p7, Jane Smith, janesmith@example.com, Los Angeles
1a2b3c4d-5e6f-7g8h-9i0j-k1l2m3n4o5p8, Alice Johnson, alice.j@example.com, Chicago
1a2b3c4d-5e6f-7g8h-9i0j-k1l2m3n4o5p9, Bob Brown, bob.brown@example.com, Houston
1a2b3c4d-5e6f-7g8h-9i0j-k1l2m3n4o5pA, Charlie Davis, charlie.d@example.com, Phoenix
1a2b3c4d-5e6f-7g8h-9i0j-k1l2m3n4o5pB, David Wilson, david.w@example.com, Philadelphia
1a2b3c4d-5e6f-7g8h-9i0j-k1l2m3n4o5pC, Emma Thompson, emma.t@example.com, San Antonio
1a2b3c4d-5e6f-7g8h-9i0j-k1l2m3n4o5pD, Frank Garcia, frank.g@example.com, San Diego
1a2b3c4d-5e6f-7g8h-9i0j-k1l2m3n4o5pE, Grace Martinez, grace.m@example.com, Dallas
1a2b3c4d-5e6f-7g8h-9i0j-k1l2m3n4o5pF, Henry Rodriguez, henry.r@example.com, San Jose
1a2b3c4d-5e6f-7g8h-9i0j-k1l2m3n4o5pG, Isabella Lee, isabella.l@example.com, Austin
1a2b3c4d-5e6f-7g8h-9i0j-k1l2m3n4o5pH, Jack Walker, jack.w@example.com, Jacksonville
1a2b3c4d-5e6f-7g8h-9i0j-k1l2m3n4o5pI, Lily Hall, lily.h@example.com, San Francisco
1a2b3c4d-5e6f-7g8h-9i0j-k1l2m3n4o5pJ, Michael Young, michael.y@example.com, Columbus
1a2b3c4d-5e6f-7g8h-9i0j-k1l2m3n4o5pK, Natalie Hernandez, natalie.h@example.com, Fort Worth
1a2b3c4d-5e6f-7g8h-9i0j-k1l2m3n4o5pL, Oliver King, oliver.k@example.com, Charlotte
1a2b3c4d-5e6f-7g8h-9i0j-k1l2m3n4o5pM, Penelope Wright, penelope.w@example.com, Detroit
1a2b3c4d-5e6f-7g8h-9i0j-k1l2m3n4o5pN, Quentin Scott, quentin.s@example.com, El Paso
1a2b3c4d-5e6f-7g8h-9i0j-k1l2m3n4o5pO, Rachel Green, rachel.g@example.com, Seattle
1a2b3c4d-5e6f-7g8h-9i0j-k1l2m3n4o5p6, John Doe, johndoe@example.com, New York
1a2b3c4d-5e6f-7g8h-9i0j-k1l2m3n4o5p7, Jane Smith, janesmith@example.com, Los Angeles
1a2b3c4d-5e6f-7g8h-9i0j-k1l2m3n4o5p8, Alice Johnson, alice.j@example.com, Chicago
1a2b3c4d-5e6f-7g8h-9i0j-k1l2m3n4o5p9, Bob Brown, bob.brown@example.com, Houston
1a2b3c4d-5e6f-7g8h-9i0j-k1l2m3n4o5pA, Charlie Davis, charlie.d@example.com, Phoenix
1a2b3c4d-5e6f-7g8h-9i0j-k1l2m3n4o5pB, David Wilson, david.w@example.com, Philadelphia
1a2b3c4d-5e6f-7g8h-9i0j-k1l2m3n4o5pC, Emma Thompson, emma.t@example.com, San Antonio
1a2b3c4d-5e6f-7g8h-9i0j-k1l2m3n4o5pD, Frank Garcia, frank.g@example.com, San Diego
1a2b3c4d-5e6f-7g8h-9i0j-k1l2m3n4o5pE, Grace Martinez, grace.m@example.com, Dallas
1a2b3c4d-5e6f-7g8h-9i0j-k1l2m3n4o5pF, Henry Rodriguez, henry.r@example.com, San Jose
1a2b3c4d-5e6f-7g8h-9i0j-k1l2m3n4o5pG, Isabella Lee, isabella.l@example.com, Austin
1a2b3c4d-5e6f-7g8h-9i0j-k1l2m3n4o5pH, Jack Walker, jack.w@example.com, Jacksonville
1a2b3c4d-5e6f-7g8h-9i0j-k1l2m3n4o5pI, Lily Hall, lily.h@example.com, San Francisco
1a2b3c4d-5e6f-7g8h-9i0j-k1l2m3n4o5pJ, Michael Young, michael.y@example.com, Columbus
1a2b3c4d-5e6f-7g8h-9i0j-k1l2m3n4o5pK, Natalie Hernandez, natalie.h@example.com, Fort Worth
1a2b3c4d-5e6f-7g8h-9i0j-k1l2m3n4o5pL, Oliver King, oliver.k@example.com, Charlotte
1a2b3c4d-5e6f-7g8h-9i0j-k1l2m3n4o5pM, Penelope Wright, penelope.w@example.com, Detroit
1a2b3c4d-5e6f-7g8h-9i0j-k1l2m3n4o5pN, Quentin Scott, quentin.s@example.com, El Paso
1a2b3c4d-5e6f-7g8h-9i0j-k1l2m3n4o5pO, Rachel Green, rachel.g@example.com, Seattle
1a2b3c4d-5e6f-7g8h-9i0j-k1l2m3n4o5p6, John Doe, johndoe@example.com, New York
1a2b3c4d-5e6f-7g8h-9i0j-k1l2m3n4o5p7, Jane Smith, janesmith@example.com, Los Angeles
1a2b3c4d-5e6f-7g8h-9i0j-k1l2m3n4o5p8, Alice Johnson, alice.j@example.com, Chicago
1a2b3c4d-5e6f-7g8h-9i0j-k1l2m3n4o5p9, Bob Brown, bob.brown@example.com, Houston
1a2b3c4d-5e6f-7g8h-9i0j-k1l2m3n4o5pA, Charlie Davis, charlie.d@example.com, Phoenix
1a2b3c4d-5e6f-7g8h-9i0j-k1l2m3n4o5pB, David Wilson, david.w@example.com, Philadelphia
1a2b3c4d-5e6f-7g8h-9i0j-k1l2m3n4o5pC, Emma Thompson, emma.t@example.com, San Antonio
1a2b3c4d-5e6f-7g8h-9i0j-k1l2m3n4o5pD, Frank Garcia, frank.g@example.com, San Diego
1a2b3c4d-5e6f-7g8h-9i0j-k1l2m3n4o5pE, Grace Martinez, grace.m@example.com, Dallas
1a2b3c4d-5e6f-7g8h-9i0j-k1l2m3n4o5pF, Henry Rodriguez, henry.r@example.com, San Jose
1a2b3c4d-5e6f-7g8h-9i0j-k1l2m3n4o5pG, Isabella Lee, isabella.l@example.com, Austin
1a2b3c4d-5e6f-7g8h-9i0j-k1l2m3n4o5pH, Jack Walker, jack.w@example.com, Jacksonville
1a2b3c4d-5e6f-7g8h-9i0j-k1l2m3n4o5pI, Lily Hall, lily.h@example.com, San Francisco
1a2b3c4d-5e6f-7g8h-9i0j-k1l2m3n4o5pJ, Michael Young, michael.y@example.com, Columbus
1a2b3c4d-5e6f-7g8h-9i0j-k1l2m3n4o5pK, Natalie Hernandez, natalie.h@example.com, Fort Worth
1a2b3c4d-5e6f-7g8h-9i0j-k1l2m3n4o5pL, Oliver King, oliver.k@example.com, Charlotte
1a2b3c4d-5e6f-7g8h-9i0j-k1l2m3n4o5pM, Penelope Wright, penelope.w@example.com, Detroit
1a2b3c4d-5e6f-7g8h-9i0j-k1l2m3n4o5pN, Quentin Scott, quentin.s@example.com, El Paso
1a2b3c4d-5e6f-7g8h-9i0j-k1l2m3n4o5pO, Rachel Green, rachel.g@example.com, Seattle
1a2b3c4d-5e6f-7g8h-9i0j-k1l2m3n4o5p6, John Doe, johndoe@example.com, New York
1a2b3c4d-5e6f-7g8h-9i0j-k1l2m3n4o5p7, Jane Smith, janesmith@example.com, Los Angeles
1a2b3c4d-5e6f-7g8h-9i0j-k1l2m3n4o5p8, Alice Johnson, alice.j@example.com, Chicago
1a2b3c4d-5e6f-7g8h-9i0j-k1l2m3n4o5p9, Bob Brown, bob.brown@example.com, Houston
1a2b3c4d-5e6f-7g8h-9i0j-k1l2m3n4o5pA, Charlie Davis, charlie.d@example.com, Phoenix
1a2b3c4d-5e6f-7g8h-9i0j-k1l2m3n4o5pB, David Wilson, david.w@example.com, Philadelphia
1a2b3c4d-5e6f-7g8h-9i0j-k1l2m3n4o5pC, Emma Thompson, emma.t@example.com, San Antonio
1a2b3c4d-5e6f-7g8h-9i0j-k1l2m3n4o5pD, Frank Garcia, frank.g@example.com, San Diego
1a2b3c4d-5e6f-7g8h-9i0j-k1l2m3n4o5pE, Grace Martinez, grace.m@example.com, Dallas
1a2b3c4d-5e6f-7g8h-9i0j-k1l2m3n4o5pF, Henry Rodriguez, henry.r@example.com, San Jose
1a2b3c4d-5e6f-7g8h-9i0j-k1l2m3n4o5pG, Isabella Lee, isabella.l@example.com, Austin
1a2b3c4d-5e6f-7g8h-9i0j-k1l2m3n4o5pH, Jack Walker, jack.w@example.com, Jacksonville
1a2b3c4d-5e6f-7g8h-9i0j-k1l2m3n4o5pI, Lily Hall, lily.h@example.com, San Francisco
1a2b3c4d-5e6f-7g8h-9i0j-k1l2m3n4o5pJ, Michael Young, michael.y@example.com, Columbus
1a2b3c4d-5e6f-7g8h-9i0j-k1l2m3n4o5pK, Natalie Hernandez, natalie.h@example.com, Fort Worth
1a2b3c4d-5e6f-7g8h-9i0j-k1l2m3n4o5pL, Oliver King, oliver.k@example.com, Charlotte
1a2b3c4d-5e6f-7g8h-9i0j-k1l2m3n4o5pM, Penelope Wright, penelope.w@example.com, Detroit
1a2b3c4d-5e6f-7g8h-9i0j-k1l2m3n4o5pN, Quentin Scott, quentin.s@example.com, El Paso
1a2b3c4d-5e6f-7g8h-9i0j-k1l2m3n4o5pO, Rachel Green, rachel.g@example.com, Seattle
1a2b3c4d-5e6f-7g8h-9i0j-k1l2m3n4o5p6, John Doe, johndoe@example.com, New York
1a2b3c4d-5e6f-7g8h-9i0j-k1l2m3n4o5p7, Jane Smith, janesmith@example.com, Los Angeles
1a2b3c4d-5e6f-7g8h-9i0j-k1l2m3n4o5p8, Alice Johnson, alice.j@example.com, Chicago
1a2b3c4d-5e6f-7g8h-9i0j-k1l2m3n4o5p9, Bob Brown, bob.brown@example.com, Houston
1a2b3c4d-5e6f-7g8h-9i0j-k1l2m3n4o5pA, Charlie Davis, charlie.d@example.com, Phoenix
1a2b3c4d-5e6f-7g8h-9i0j-k1l2m3n4o5pB, David Wilson, david.w@example.com, Philadelphia
1a2b3c4d-5e6f-7g8h-9i0j-k1l2m3n4o5pC, Emma Thompson, emma.t@example.com, San Antonio
1a2b3c4d-5e6f-7g8h-9i0j-k1l2m3n4o5pD, Frank Garcia, frank.g@example.com, San Diego
1a2b3c4d-5e6f-7g8h-9i0j-k1l2m3n4o5pE, Grace Martinez, grace.m@example.com, Dallas
1a2b3c4d-5e6f-7g8h-9i0j-k1l2m3n4o5pF, Henry Rodriguez, henry.r@example.com, San Jose
1a2b3c4d-5e6f-7g8h-9i0j-k1l2m3n4o5pG, Isabella Lee, isabella.l@example.com, Austin
1a2b3c4d-5e6f-7g8h-9i0j-k1l2m3n4o5pH, Jack Walker, jack.w@example.com, Jacksonville
1a2b3c4d-5e6f-7g8h-9i0j-k1l2m3n4o5pI, Lily Hall, lily.h@example.com, San Francisco
1a2b3c4d-5e6f-7g8h-9i0j-k1l2m3n4o5pJ, Michael Young, michael.y@example.com, Columbus
1a2b3c4d-5e6f-7g8h-9i0j-k1l2m3n4o5pK, Natalie Hernandez, natalie.h@example.com, Fort Worth
1a2b3c4d-5e6f-7g8h-9i0j-k1l2m3n4o5pL, Oliver King, oliver.k@example.com, Charlotte
1a2b3c4d-5e6f-7g8h-9i0j-k1l2m3n4o5pM, Penelope Wright, penelope.w@example.com, Detroit
1a2b3c4d-5e6f-7g8h-9i0j-k1l2m3n4o5pN, Quentin Scott, quentin.s@example.com, El Paso
1a2b3c4d-5e6f-7g8h-9i0j-k1l2m3n4o5pO, Rachel Green, rachel.g@example.com, Seattle
1a2b3c4d-5e6f-7g8h-9i0j-k1l2m3n4o5p6, John Doe, johndoe@example.com, New York
1a2b3c4d-5e6f-7g8h-9i0j-k1l2m3n4o5p7, Jane Smith, janesmith@example.com, Los Angeles
1a2b3c4d-5e6f-7g8h-9i0j-k1l2m3n4o5p8, Alice Johnson, alice.j@example.com, Chicago
1a2b3c4d-5e6f-7g8h-9i0j-k1l2m3n4o5p9, Bob Brown, bob.brown@example.com, Houston
1a2b3c4d-5e6f-7g8h-9i0j-k1l2m3n4o5pA, Charlie Davis, charlie.d@example.com, Phoenix
1a2b3c4d-5e6f-7g8h-9i0j-k1l2m3n4o5pB, David Wilson, david.w@example.com, Philadelphia
1a2b3c4d-5e6f-7g8h-9i0j-k1l2m3n4o5pC, Emma Thompson, emma.t@example.com, San Antonio
1a2b3c4d-5e6f-7g8h-9i0j-k1l2m3n4o5pD, Frank Garcia, frank.g@example.com, San Diego
1a2b3c4d-5e6f-7g8h-9i0j-k1l2m3n4o5pE, Grace Martinez, grace.m@example.com, Dallas
1a2b3c4d-5e6f-7g8h-9i0j-k1l2m3n4o5pF, Henry Rodriguez, henry.r@example.com, San Jose
1a2b3c4d-5e6f-7g8h-9i0j-k1l2m3n4o5pG, Isabella Lee, isabella.l@example.com, Austin
1a2b3c4d-5e6f-7g8h-9i0j-k1l2m3n4o5pH, Jack Walker, jack.w@example.com, Jacksonville
1a2b3c4d-5e6f-7g8h-9i0j-k1l2m3n4o5pI, Lily Hall, lily.h@example.com, San Francisco
1a2b3c4d-5e6f-7g8h-9i0j-k1l2m3n4o5pJ, Michael Young, michael.y@example.com, Columbus
1a2b3c4d-5e6f-7g8h-9i0j-k1l2m3n4o5pK, Natalie Hernandez, natalie.h@example.com, Fort Worth
1a2b3c4d-5e6f-7g8h-9i0j-k1l2m3n4o5pL, Oliver King, oliver.k@example.com, Charlotte
1a2b3c4d-5e6f-7g8h-9i0j-k1l2m3n4o5pM, Penelope Wright, penelope.w@example.com, Detroit
1a2b3c4d-5e6f-7g8h-9i0j-k1l2m3n4o5pN, Quentin Scott, quentin.s@example.com, El Paso
1a2b3c4d-5e6f-7g8h-9i0j-k1l2m3n4o5pO, Rachel Green, rachel.g@example.com, Seattle
1a2b3c4d-5e6f-7g8h-9i0j-k1l2m3n4o5p6, John Doe, johndoe@example.com, New York
1a2b3c4d-5e6f-7g8h-9i0j-k1l2m3n4o5p7, Jane Smith, janesmith@example.com, Los Angeles
1a2b3c4d-5e6f-7g8h-9i0j-k1l2m3n4o5p8, Alice Johnson, alice.j@example.com, Chicago
1a2b3c4d-5e6f-7g8h-9i0j-k1l2m3n4o5p9, Bob Brown, bob.brown@example.com, Houston
1a2b3c4d-5e6f-7g8h-9i0j-k1l2m3n4o5pA, Charlie Davis, charlie.d@example.com, Phoenix
1a2b3c4d-5e6f-7g8h-9i0j-k1l2m3n4o5pB, David Wilson, david.w@example.com, Philadelphia
1a2b3c4d-5e6f-7g8h-9i0j-k1l2m3n4o5pC, Emma Thompson, emma.t@example.com, San Antonio
1a2b3c4d-5e6f-7g8h-9i0j-k1l2m3n4o5pD, Frank Garcia, frank.g@example.com, San Diego
1a2b3c4d-5e6f-7g8h-9i0j-k1l2m3n4o5pE, Grace Martinez, grace.m@example.com, Dallas
1a2b3c4d-5e6f-7g8h-9i0j-k1l2m3n4o5pF, Henry Rodriguez, henry.r@example.com, San Jose
1a2b3c4d-5e6f-7g8h-9i0j-k1l2m3n4o5pG, Isabella Lee, isabella.l@example.com, Austin
1a2b3c4d-5e6f-7g8h-9i0j-k1l2m3n4o5pH, Jack Walker, jack.w@example.com, Jacksonville
1a2b3c4d-5e6f-7g8h-9i0j-k1l2m3n4o5pI, Lily Hall, lily.h@example.com, San Francisco
1a2b3c4d-5e6f-7g8h-9i0j-k1l2m3n4o5pJ, Michael Young, michael.y@example.com, Columbus
1a2b3c4d-5e6f-7g8h-9i0j-k1l2m3n4o5pK, Natalie Hernandez, natalie.h@example.com, Fort Worth
1a2b3c4d-5e6f-7g8h-9i0j-k1l2m3n4o5pL, Oliver King, oliver.k@example.com, Charlotte
1a2b3c4d-5e6f-7g8h-9i0j-k1l2m3n4o5pM, Penelope Wright, penelope.w@example.com, Detroit
1a2b3c4d-5e6f-7g8h-9i0j-k1l2m3n4o5pN, Quentin Scott, quentin.s@example.com, El Paso
1a2b3c4d-5e6f-7g8h-9i0j-k1l2m3n4o5pO, Rachel Green, rachel.g@example.com, Seattle
1a2b3c4d-5e6f-7g8h-9i0j-k1l2m3n4o5p6, John Doe, johndoe@example.com, New York
1a2b3c4d-5e6f-7g8h-9i0j-k1l2m3n4o5p7, Jane Smith, janesmith@example.com, Los Angeles
1a2b3c4d-5e6f-7g8h-9i0j-k1l2m3n4o5p8, Alice Johnson, alice.j@example.com, Chicago
1a2b3c4d-5e6f-7g8h-9i0j-k1l2m3n4o5p9, Bob Brown, bob.brown@example.com, Houston
1a2b3c4d-5e6f-7g8h-9i0j-k1l2m3n4o5pA, Charlie Davis, charlie.d@example.com, Phoenix
1a2b3c4d-5e6f-7g8h-9i0j-k1l2m3n4o5pB, David Wilson, david.w@example.com, Philadelphia
1a2b3c4d-5e6f-7g8h-9i0j-k1l2m3n4o5pC, Emma Thompson, emma.t@example.com, San Antonio
1a2b3c4d-5e6f-7g8h-9i0j-k1l2m3n4o5pD, Frank Garcia, frank.g@example.com, San Diego
1a2b3c4d-5e6f-7g8h-9i0j-k1l2m3n4o5pE, Grace Martinez, grace.m@example.com, Dallas
1a2b3c4d-5e6f-7g8h-9i0j-k1l2m3n4o5pF, Henry Rodriguez, henry.r@example.com, San Jose
1a2b3c4d-5e6f-7g8h-9i0j-k1l2m3n4o5pG, Isabella Lee, isabella.l@example.com, Austin
1a2b3c4d-5e6f-7g8h-9i0j-k1l2m3n4o5pH, Jack Walker, jack.w@example.com, Jacksonville
1a2b3c4d-5e6f-7g8h-9i0j-k1l2m3n4o5pI, Lily Hall, lily.h@example.com, San Francisco
1a2b3c4d-5e6f-7g8h-9i0j-k1l2m3n4o5pJ, Michael Young, michael.y@example.com, Columbus
1a2b3c4d-5e6f-7g8h-9i0j-k1l2m3n4o5pK, Natalie Hernandez, natalie.h@example.com, Fort Worth
1a2b3c4d-5e6f-7g8h-9i0j-k1l2m3n4o5pL, Oliver King, oliver.k@example.com, Charlotte
1a2b3c4d-5e6f-7g8h-9i0j-k1l2m3n4o5pM, Penelope Wright, penelope.w@example.com, Detroit
1a2b3c4d-5e6f-7g8h-9i0j-k1l2m3n4o5pN, Quentin Scott, quentin.s@example.com, El Paso
1a2b3c4d-5e6f-7g8h-9i0j-k1l2m3n4o5pO, Rachel Green, rachel.g@example.com, Seattle
1a2b3c4d-5e6f-7g8h-9i0j-k1l2m3n4o5p6, John Doe, johndoe@example.com, New York
1a2b3c4d-5e6f-7g8h-9i0j-k1l2m3n4o5p7, Jane Smith, janesmith@example.com, Los Angeles
1a2b3c4d-5e6f-7g8h-9i0j-k1l2m3n4o5p8, Alice Johnson, alice.j@example.com, Chicago
1a2b3c4d-5e6f-7g8h-9i0j-k1l2m3n4o5p9, Bob Brown, bob.brown@example.com, Houston
1a2b3c4d-5e6f-7g8h-9i0j-k1l2m3n4o5pA, Charlie Davis, charlie.d@example.com, Phoenix
1a2b3c4d-5e6f-7g8h-9i0j-k1l2m3n4o5pB, David Wilson, david.w@example.com, Philadelphia
1a2b3c4d-5e6f-7g8h-9i0j-k1l2m3n4o5pC, Emma Thompson, emma.t@example.com, San Antonio
1a2b3c4d-5e6f-7g8h-9i0j-k1l2m3n4o5pD, Frank Garcia, frank.g@example.com, San Diego
1a2b3c4d-5e6f-7g8h-9i0j-k1l2m3n4o5pE, Grace Martinez, grace.m@example.com, Dallas
1a2b3c4d-5e6f-7g8h-9i0j-k1l2m3n4o5pF, Henry Rodriguez, henry.r@example.com, San Jose
1a2b3c4d-5e6f-7g8h-9i0j-k1l2m3n4o5pG, Isabella Lee, isabella.l@example.com, Austin
1a2b3c4d-5e6f-7g8h-9i0j-k1l2m3n4o5pH, Jack Walker, jack.w@example.com, Jacksonville
1a2b3c4d-5e6f-7g8h-9i0j-k1l2m3n4o5pI, Lily Hall, lily.h@example.com, San Francisco
1a2b3c4d-5e6f-7g8h-9i0j-k1l2m3n4o5pJ, Michael Young, michael.y@example.com, Columbus
1a2b3c4d-5e6f-7g8h-9i0j-k1l2m3n4o5pK, Natalie Hernandez, natalie.h@example.com, Fort Worth
1a2b3c4d-5e6f-7g8h-9i0j-k1l2m3n4o5pL, Oliver King, oliver.k@example.com, Charlotte
1a2b3c4d-5e6f-7g8h-9i0j-k1l2m3n4o5pM, Penelope Wright, penelope.w@example.com, Detroit
1a2b3c4d-5e6f-7g8h-9i0j-k1l2m3n4o5pN, Quentin Scott, quentin.s@example.com, El Paso
1a2b3c4d-5e6f-7g8h-9i0j-k1l2m3n4o5pO, Rachel Green, rachel.g@example.com, Seattle
1a2b3c4d-5e6f-7g8h-9i0j-k1l2m3n4o5p6, John Doe, johndoe@example.com, New York
1a2b3c4d-5e6f-7g8h-9i0j-k1l2m3n4o5p7, Jane Smith, janesmith@example.com, Los Angeles
1a2b3c4d-5e6f-7g8h-9i0j-k1l2m3n4o5p8, Alice Johnson, alice.j@example.com, Chicago
1a2b3c4d-5e6f-7g8h-9i0j-k1l2m3n4o5p9, Bob Brown, bob.brown@example.com, Houston
1a2b3c4d-5e6f-7g8h-9i0j-k1l2m3n4o5pA, Charlie Davis, charlie.d@example.com, Phoenix
1a2b3c4d-5e6f-7g8h-9i0j-k1l2m3n4o5pB, David Wilson, david.w@example.com, Philadelphia
1a2b3c4d-5e6f-7g8h-9i0j-k1l2m3n4o5pC, Emma Thompson, emma.t@example.com, San Antonio
1a2b3c4d-5e6f-7g8h-9i0j-k1l2m3n4o5pD, Frank Garcia, frank.g@example.com, San Diego
1a2b3c4d-5e6f-7g8h-9i0j-k1l2m3n4o5pE, Grace Martinez, grace.m@example.com, Dallas
1a2b3c4d-5e6f-7g8h-9i0j-k1l2m3n4o5pF, Henry Rodriguez, henry.r@example.com, San Jose
1a2b3c4d-5e6f-7g8h-9i0j-k1l2m3n4o5pG, Isabella Lee, isabella.l@example.com, Austin
1a2b3c4d-5e6f-7g8h-9i0j-k1l2m3n4o5pH, Jack Walker, jack.w@example.com, Jacksonville
1a2b3c4d-5e6f-7g8h-9i0j-k1l2m3n4o5pI, Lily Hall, lily.h@example.com, San Francisco
1a2b3c4d-5e6f-7g8h-9i0j-k1l2m3n4o5pJ, Michael Young, michael.y@example.com, Columbus
1a2b3c4d-5e6f-7g8h-9i0j-k1l2m3n4o5pK, Natalie Hernandez, natalie.h@example.com, Fort Worth
1a2b3c4d-5e6f-7g8h-9i0j-k1l2m3n4o5pL, Oliver King, oliver.k@example.com, Charlotte
1a2b3c4d-5e6f-7g8h-9i0j-k1l2m3n4o5pM, Penelope Wright, penelope.w@example.com, Detroit
1a2b3c4d-5e6f-7g8h-9i0j-k1l2m3n4o5pN, Quentin Scott, quentin.s@example.com, El Paso
1a2b3c4d-5e6f-7g8h-9i0j-k1l2m3n4o5pO, Rachel Green, rachel.g@example.com, Seattle
1a2b3c4d-5e6f-7g8h-9i0j-k1l2m3n4o5p6, John Doe, johndoe@example.com, New York
1a2b3c4d-5e6f-7g8h-9i0j-k1l2m3n4o5p7, Jane Smith, janesmith@example.com, Los Angeles
1a2b3c4d-5e6f-7g8h-9i0j-k1l2m3n4o5p8, Alice Johnson, alice.j@example.com, Chicago
1a2b3c4d-5e6f-7g8h-9i0j-k1l2m3n4o5p9, Bob Brown, bob.brown@example.com, Houston
1a2b3c4d-5e6f-7g8h-9i0j-k1l2m3n4o5pA, Charlie Davis, charlie.d@example.com, Phoenix
1a2b3c4d-5e6f-7g8h-9i0j-k1l2m3n4o5pB, David Wilson, david.w@example.com, Philadelphia
1a2b3c4d-5e6f-7g8h-9i0j-k1l2m3n4o5pC, Emma Thompson, emma.t@example.com, San Antonio
1a2b3c4d-5e6f-7g8h-9i0j-k1l2m3n4o5pD, Frank Garcia, frank.g@example.com, San Diego
1a2b3c4d-5e6f-7g8h-9i0j-k1l2m3n4o5pE, Grace Martinez, grace.m@example.com, Dallas
1a2b3c4d-5e6f-7g8h-9i0j-k1l2m3n4o5pF, Henry Rodriguez, henry.r@example.com, San Jose
1a2b3c4d-5e6f-7g8h-9i0j-k1l2m3n4o5pG, Isabella Lee, isabella.l@example.com, Austin
1a2b3c4d-5e6f-7g8h-9i0j-k1l2m3n4o5pH, Jack Walker, jack.w@example.com, Jacksonville
1a2b3c4d-5e6f-7g8h-9i0j-k1l2m3n4o5pI, Lily Hall, lily.h@example.com, San Francisco
1a2b3c4d-5e6f-7g8h-9i0j-k1l2m3n4o5pJ, Michael Young, michael.y@example.com, Columbus
1a2b3c4d-5e6f-7g8h-9i0j-k1l2m3n4o5pK, Natalie Hernandez, natalie.h@example.com, Fort Worth
1a2b3c4d-5e6f-7g8h-9i0j-k1l2m3n4o5pL, Oliver King, oliver.k@example.com, Charlotte
1a2b3c4d-5e6f-7g8h-9i0j-k1l2m3n4o5pM, Penelope Wright, penelope.w@example.com, Detroit
1a2b3c4d-5e6f-7g8h-9i0j-k1l2m3n4o5pN, Quentin Scott, quentin.s@example.com, El Paso
1a2b3c4d-5e6f-7g8h-9i0j-k1l2m3n4o5pO, Rachel Green, rachel.g@example.com, Seattle
1a2b3c4d-5e6f-7g8h-9i0j-k1l2m3n4o5p6, John Doe, johndoe@example.com, New York
1a2b3c4d-5e6f-7g8h-9i0j-k1l2m3n4o5p7, Jane Smith, janesmith@example.com, Los Angeles
1a2b3c4d-5e6f-7g8h-9i0j-k1l2m3n4o5p8, Alice Johnson, alice.j@example.com, Chicago
1a2b3c4d-5e6f-7g8h-9i0j-k1l2m3n4o5p9, Bob Brown, bob.brown@example.com, Houston
1a2b3c4d-5e6f-7g8h-9i0j-k1l2m3n4o5pA, Charlie Davis, charlie.d@example.com, Phoenix
1a2b3c4d-5e6f-7g8h-9i0j-k1l2m3n4o5pB, David Wilson, david.w@example.com, Philadelphia
1a2b3c4d-5e6f-7g8h-9i0j-k1l2m3n4o5pC, Emma Thompson, emma.t@example.com, San Antonio
1a2b3c4d-5e6f-7g8h-9i0j-k1l2m3n4o5pD, Frank Garcia, frank.g@example.com, San Diego
1a2b3c4d-5e6f-7g8h-9i0j-k1l2m3n4o5pE, Grace Martinez, grace.m@example.com, Dallas
1a2b3c4d-5e6f-7g8h-9i0j-k1l2m3n4o5pF, Henry Rodriguez, henry.r@example.com, San Jose
1a2b3c4d-5e6f-7g8h-9i0j-k1l2m3n4o5pG, Isabella Lee, isabella.l@example.com, Austin
1a2b3c4d-5e6f-7g8h-9i0j-k1l2m3n4o5pH, Jack Walker, jack.w@example.com, Jacksonville
1a2b3c4d-5e6f-7g8h-9i0j-k1l2m3n4o5pI, Lily Hall, lily.h@example.com, San Francisco
1a2b3c4d-5e6f-7g8h-9i0j-k1l2m3n4o5pJ, Michael Young, michael.y@example.com, Columbus
1a2b3c4d-5e6f-7g8h-9i0j-k1l2m3n4o5pK, Natalie Hernandez, natalie.h@example.com, Fort Worth
1a2b3c4d-5e6f-7g8h-9i0j-k1l2m3n4o5pL, Oliver King, oliver.k@example.com, Charlotte
1a2b3c4d-5e6f-7g8h-9i0j-k1l2m3n4o5pM, Penelope Wright, penelope.w@example.com, Detroit
1a2b3c4d-5e6f-7g8h-9i0j-k1l2m3n4o5pN, Quentin Scott, quentin.s@example.com, El Paso
1a2b3c4d-5e6f-7g8h-9i0j-k1l2m3n4o5pO, Rachel Green, rachel.g@example.com, Seattle
1a2b3c4d-5e6f-7g8h-9i0j-k1l2m3n4o5p6, John Doe, johndoe@example.com, New York
1a2b3c4d-5e6f-7g8h-9i0j-k1l2m3n4o5p7, Jane Smith, janesmith@example.com, Los Angeles
1a2b3c4d-5e6f-7g8h-9i0j-k1l2m3n4o5p8, Alice Johnson, alice.j@example.com, Chicago
1a2b3c4d-5e6f-7g8h-9i0j-k1l2m3n4o5p9, Bob Brown, bob.brown@example.com, Houston
1a2b3c4d-5e6f-7g8h-9i0j-k1l2m3n4o5pA, Charlie Davis, charlie.d@example.com, Phoenix
1a2b3c4d-5e6f-7g8h-9i0j-k1l2m3n4o5pB, David Wilson, david.w@example.com, Philadelphia
1a2b3c4d-5e6f-7g8h-9i0j-k1l2m3n4o5pC, Emma Thompson, emma.t@example.com, San Antonio
1a2b3c4d-5e6f-7g8h-9i0j-k1l2m3n4o5pD, Frank Garcia, frank.g@example.com, San Diego
1a2b3c4d-5e6f-7g8h-9i0j-k1l2m3n4o5pE, Grace Martinez, grace.m@example.com, Dallas
1a2b3c4d-5e6f-7g8h-9i0j-k1l2m3n4o5pF, Henry Rodriguez, henry.r@example.com, San Jose
1a2b3c4d-5e6f-7g8h-9i0j-k1l2m3n4o5pG, Isabella Lee, isabella.l@example.com, Austin
1a2b3c4d-5e6f-7g8h-9i0j-k1l2m3n4o5pH, Jack Walker, jack.w@example.com, Jacksonville
1a2b3c4d-5e6f-7g8h-9i0j-k1l2m3n4o5pI, Lily Hall, lily.h@example.com, San Francisco
1a2b3c4d-5e6f-7g8h-9i0j-k1l2m3n4o5pJ, Michael Young, michael.y@example.com, Columbus
1a2b3c4d-5e6f-7g8h-9i0j-k1l2m3n4o5pK, Natalie Hernandez, natalie.h@example.com, Fort Worth
1a2b3c4d-5e6f-7g8h-9i0j-k1l2m3n4o5pL, Oliver King, oliver.k@example.com, Charlotte
1a2b3c4d-5e6f-7g8h-9i0j-k1l2m3n4o5pM, Penelope Wright, penelope.w@example.com, Detroit
1a2b3c4d-5e6f-7g8h-9i0j-k1l2m3n4o5pN, Quentin Scott, quentin.s@example.com, El Paso
1a2b3c4d-5e6f-7g8h-9i0j-k1l2m3n4o5pO, Rachel Green, rachel.g@example.com, Seattle
1a2b3c4d-5e6f-7g8h-9i0j-k1l2m3n4o5p6, John Doe, johndoe@example.com, New York
1a2b3c4d-5e6f-7g8h-9i0j-k1l2m3n4o5p7, Jane Smith, janesmith@example.com, Los Angeles
1a2b3c4d-5e6f-7g8h-9i0j-k1l2m3n4o5p8, Alice Johnson, alice.j@example.com, Chicago
1a2b3c4d-5e6f-7g8h-9i0j-k1l2m3n4o5p9, Bob Brown, bob.brown@example.com, Houston
1a2b3c4d-5e6f-7g8h-9i0j-k1l2m3n4o5pA, Charlie Davis, charlie.d@example.com, Phoenix
1a2b3c4d-5e6f-7g8h-9i0j-k1l2m3n4o5pB, David Wilson, david.w@example.com, Philadelphia
1a2b3c4d-5e6f-7g8h-9i0j-k1l2m3n4o5pC, Emma Thompson, emma.t@example.com, San Antonio
1a2b3c4d-5e6f-7g8h-9i0j-k1l2m3n4o5pD, Frank Garcia, frank.g@example.com, San Diego
1a2b3c4d-5e6f-7g8h-9i0j-k1l2m3n4o5pE, Grace Martinez, grace.m@example.com, Dallas
1a2b3c4d-5e6f-7g8h-9i0j-k1l2m3n4o5pF, Henry Rodriguez, henry.r@example.com, San Jose
1a2b3c4d-5e6f-7g8h-9i0j-k1l2m3n4o5pG, Isabella Lee, isabella.l@example.com, Austin
1a2b3c4d-5e6f-7g8h-9i0j-k1l2m3n4o5pH, Jack Walker, jack.w@example.com, Jacksonville
1a2b3c4d-5e6f-7g8h-9i0j-k1l2m3n4o5pI, Lily Hall, lily.h@example.com, San Francisco
1a2b3c4d-5e6f-7g8h-9i0j-k1l2m3n4o5pJ, Michael Young, michael.y@example.com, Columbus
1a2b3c4d-5e6f-7g8h-9i0j-k1l2m3n4o5pK, Natalie Hernandez, natalie.h@example.com, Fort Worth
1a2b3c4d-5e6f-7g8h-9i0j-k1l2m3n4o5pL, Oliver King, oliver.k@example.com, Charlotte
1a2b3c4d-5e6f-7g8h-9i0j-k1l2m3n4o5pM, Penelope Wright, penelope.w@example.com, Detroit
1a2b3c4d-5e6f-7g8h-9i0j-k1l2m3n4o5pN, Quentin Scott, quentin.s@example.com, El Paso
1a2b3c4d-5e6f-7g8h-9i0j-k1l2m3n4o5pO, Rachel Green, rachel.g@example.com, Seattle
1a2b3c4d-5e6f-7g8h-9i0j-k1l2m3n4o5p6, John Doe, johndoe@example.com, New York
1a2b3c4d-5e6f-7g8h-9i0j-k1l2m3n4o5p7, Jane Smith, janesmith@example.com, Los Angeles
1a2b3c4d-5e6f-7g8h-9i0j-k1l2m3n4o5p8, Alice Johnson, alice.j@example.com, Chicago
1a2b3c4d-5e6f-7g8h-9i0j-k1l2m3n4o5p9, Bob Brown, bob.brown@example.com, Houston
1a2b3c4d-5e6f-7g8h-9i0j-k1l2m3n4o5pA, Charlie Davis, charlie.d@example.com, Phoenix
1a2b3c4d-5e6f-7g8h-9i0j-k1l2m3n4o5pB, David Wilson, david.w@example.com, Philadelphia
1a2b3c4d-5e6f-7g8h-9i0j-k1l2m3n4o5pC, Emma Thompson, emma.t@example.com, San Antonio
1a2b3c4d-5e6f-7g8h-9i0j-k1l2m3n4o5pD, Frank Garcia, frank.g@example.com, San Diego
1a2b3c4d-5e6f-7g8h-9i0j-k1l2m3n4o5pE, Grace Martinez, grace.m@example.com, Dallas
1a2b3c4d-5e6f-7g8h-9i0j-k1l2m3n4o5pF, Henry Rodriguez, henry.r@example.com, San Jose
1a2b3c4d-5e6f-7g8h-9i0j-k1l2m3n4o5pG, Isabella Lee, isabella.l@example.com, Austin
1a2b3c4d-5e6f-7g8h-9i0j-k1l2m3n4o5pH, Jack Walker, jack.w@example.com, Jacksonville
1a2b3c4d-5e6f-7g8h-9i0j-k1l2m3n4o5pI, Lily Hall, lily.h@example.com, San Francisco
1a2b3c4d-5e6f-7g8h-9i0j-k1l2m3n4o5pJ, Michael Young, michael.y@example.com, Columbus
1a2b3c4d-5e6f-7g8h-9i0j-k1l2m3n4o5pK, Natalie Hernandez, natalie.h@example.com, Fort Worth
1a2b3c4d-5e6f-7g8h-9i0j-k1l2m3n4o5pL, Oliver King, oliver.k@example.com, Charlotte
1a2b3c4d-5e6f-7g8h-9i0j-k1l2m3n4o5pM, Penelope Wright, penelope.w@example.com, Detroit
1a2b3c4d-5e6f-7g8h-9i0j-k1l2m3n4o5pN, Quentin Scott, quentin.s@example.com, El Paso
1a2b3c4d-5e6f-7g8h-9i0j-k1l2m3n4o5pO, Rachel Green, rachel.g@example.com, Seattle
1a2b3c4d-5e6f-7g8h-9i0j-k1l2m3n4o5p6, John Doe, johndoe@example.com, New York
1a2b3c4d-5e6f-7g8h-9i0j-k1l2m3n4o5p7, Jane Smith, janesmith@example.com, Los Angeles
1a2b3c4d-5e6f-7g8h-9i0j-k1l2m3n4o5p8, Alice Johnson, alice.j@example.com, Chicago
1a2b3c4d-5e6f-7g8h-9i0j-k1l2m3n4o5p9, Bob Brown, bob.brown@example.com, Houston
1a2b3c4d-5e6f-7g8h-9i0j-k1l2m3n4o5pA, Charlie Davis, charlie.d@example.com, Phoenix
1a2b3c4d-5e6f-7g8h-9i0j-k1l2m3n4o5pB, David Wilson, david.w@example.com, Philadelphia
1a2b3c4d-5e6f-7g8h-9i0j-k1l2m3n4o5pC, Emma Thompson, emma.t@example.com, San Antonio
1a2b3c4d-5e6f-7g8h-9i0j-k1l2m3n4o5pD, Frank Garcia, frank.g@example.com, San Diego
1a2b3c4d-5e6f-7g8h-9i0j-k1l2m3n4o5pE, Grace Martinez, grace.m@example.com, Dallas
1a2b3c4d-5e6f-7g8h-9i0j-k1l2m3n4o5pF, Henry Rodriguez, henry.r@example.com, San Jose
1a2b3c4d-5e6f-7g8h-9i0j-k1l2m3n4o5pG, Isabella Lee, isabella.l@example.com, Austin
1a2b3c4d-5e6f-7g8h-9i0j-k1l2m3n4o5pH, Jack Walker, jack.w@example.com, Jacksonville
1a2b3c4d-5e6f-7g8h-9i0j-k1l2m3n4o5pI, Lily Hall, lily.h@example.com, San Francisco
1a2b3c4d-5e6f-7g8h-9i0j-k1l2m3n4o5pJ, Michael Young, michael.y@example.com, Columbus
1a2b3c4d-5e6f-7g8h-9i0j-k1l2m3n4o5pK, Natalie Hernandez, natalie.h@example.com, Fort Worth
1a2b3c4d-5e6f-7g8h-9i0j-k1l2m3n4o5pL, Oliver King, oliver.k@example.com, Charlotte
1a2b3c4d-5e6f-7g8h-9i0j-k1l2m3n4o5pM, Penelope Wright, penelope.w@example.com, Detroit
1a2b3c4d-5e6f-7g8h-9i0j-k1l2m3n4o5pN, Quentin Scott, quentin.s@example.com, El Paso
1a2b3c4d-5e6f-7g8h-9i0j-k1l2m3n4o5pO, Rachel Green, rachel.g@example.com, Seattle
1a2b3c4d-5e6f-7g8h-9i0j-k1l2m3n4o5p6, John Doe, johndoe@example.com, New York
1a2b3c4d-5e6f-7g8h-9i0j-k1l2m3n4o5p7, Jane Smith, janesmith@example.com, Los Angeles
1a2b3c4d-5e6f-7g8h-9i0j-k1l2m3n4o5p8, Alice Johnson, alice.j@example.com, Chicago
1a2b3c4d-5e6f-7g8h-9i0j-k1l2m3n4o5p9, Bob Brown, bob.brown@example.com, Houston
1a2b3c4d-5e6f-7g8h-9i0j-k1l2m3n4o5pA, Charlie Davis, charlie.d@example.com, Phoenix
1a2b3c4d-5e6f-7g8h-9i0j-k1l2m3n4o5pB, David Wilson, david.w@example.com, Philadelphia
1a2b3c4d-5e6f-7g8h-9i0j-k1l2m3n4o5pC, Emma Thompson, emma.t@example.com, San Antonio
1a2b3c4d-5e6f-7g8h-9i0j-k1l2m3n4o5pD, Frank Garcia, frank.g@example.com, San Diego
1a2b3c4d-5e6f-7g8h-9i0j-k1l2m3n4o5pE, Grace Martinez, grace.m@example.com, Dallas
1a2b3c4d-5e6f-7g8h-9i0j-k1l2m3n4o5pF, Henry Rodriguez, henry.r@example.com, San Jose
1a2b3c4d-5e6f-7g8h-9i0j-k1l2m3n4o5pG, Isabella Lee, isabella.l@example.com, Austin
1a2b3c4d-5e6f-7g8h-9i0j-k1l2m3n4o5pH, Jack Walker, jack.w@example.com, Jacksonville
1a2b3c4d-5e6f-7g8h-9i0j-k1l2m3n4o5pI, Lily Hall, lily.h@example.com, San Francisco
1a2b3c4d-5e6f-7g8h-9i0j-k1l2m3n4o5pJ, Michael Young, michael.y@example.com, Columbus
1a2b3c4d-5e6f-7g8h-9i0j-k1l2m3n4o5pK, Natalie Hernandez, natalie.h@example.com, Fort Worth
1a2b3c4d-5e6f-7g8h-9i0j-k1l2m3n4o5pL, Oliver King, oliver.k@example.com, Charlotte
1a2b3c4d-5e6f-7g8h-9i0j-k1l2m3n4o5pM, Penelope Wright, penelope.w@example.com, Detroit
1a2b3c4d-5e6f-7g8h-9i0j-k1l2m3n4o5pN, Quentin Scott, quentin.s@example.com, El Paso
1a2b3c4d-5e6f-7g8h-9i0j-k1l2m3n4o5pO, Rachel Green, rachel.g@example.com, Seattle
1a2b3c4d-5e6f-7g8h-9i0j-k1l2m3n4o5p6, John Doe, johndoe@example.com, New York
1a2b3c4d-5e6f-7g8h-9i0j-k1l2m3n4o5p7, Jane Smith, janesmith@example.com, Los Angeles
1a2b3c4d-5e6f-7g8h-9i0j-k1l2m3n4o5p8, Alice Johnson, alice.j@example.com, Chicago
1a2b3c4d-5e6f-7g8h-9i0j-k1l2m3n4o5p9, Bob Brown, bob.brown@example.com, Houston
1a2b3c4d-5e6f-7g8h-9i0j-k1l2m3n4o5pA, Charlie Davis, charlie.d@example.com, Phoenix
1a2b3c4d-5e6f-7g8h-9i0j-k1l2m3n4o5pB, David Wilson, david.w@example.com, Philadelphia
1a2b3c4d-5e6f-7g8h-9i0j-k1l2m3n4o5pC, Emma Thompson, emma.t@example.com, San Antonio
1a2b3c4d-5e6f-7g8h-9i0j-k1l2m3n4o5pD, Frank Garcia, frank.g@example.com, San Diego
1a2b3c4d-5e6f-7g8h-9i0j-k1l2m3n4o5pE, Grace Martinez, grace.m@example.com, Dallas
1a2b3c4d-5e6f-7g8h-9i0j-k1l2m3n4o5pF, Henry Rodriguez, henry.r@example.com, San Jose
1a2b3c4d-5e6f-7g8h-9i0j-k1l2m3n4o5pG, Isabella Lee, isabella.l@example.com, Austin
1a2b3c4d-5e6f-7g8h-9i0j-k1l2m3n4o5pH, Jack Walker, jack.w@example.com, Jacksonville
1a2b3c4d-5e6f-7g8h-9i0j-k1l2m3n4o5pI, Lily Hall, lily.h@example.com, San Francisco
1a2b3c4d-5e6f-7g8h-9i0j-k1l2m3n4o5pJ, Michael Young, michael.y@example.com, Columbus
1a2b3c4d-5e6f-7g8h-9i0j-k1l2m3n4o5pK, Natalie Hernandez, natalie.h@example.com, Fort Worth
1a2b3c4d-5e6f-7g8h-9i0j-k1l2m3n4o5pL, Oliver King, oliver.k@example.com, Charlotte
1a2b3c4d-5e6f-7g8h-9i0j-k1l2m3n4o5pM, Penelope Wright, penelope.w@example.com, Detroit
1a2b3c4d-5e6f-7g8h-9i0j-k1l2m3n4o5pN, Quentin Scott, quentin.s@example.com, El Paso
1a2b3c4d-5e6f-7g8h-9i0j-k1l2m3n4o5pO, Rachel Green, rachel.g@example.com, Seattle
1a2b3c4d-5e6f-7g8h-9i0j-k1l2m3n4o5p6, John Doe, johndoe@example.com, New York
1a2b3c4d-5e6f-7g8h-9i0j-k1l2m3n4o5p7, Jane Smith, janesmith@example.com, Los Angeles
1a2b3c4d-5e6f-7g8h-9i0j-k1l2m3n4o5p8, Alice Johnson, alice.j@example.com, Chicago
1a2b3c4d-5e6f-7g8h-9i0j-k1l2m3n4o5p9, Bob Brown, bob.brown@example.com, Houston
1a2b3c4d-5e6f-7g8h-9i0j-k1l2m3n4o5pA, Charlie Davis, charlie.d@example.com, Phoenix
1a2b3c4d-5e6f-7g8h-9i0j-k1l2m3n4o5pB, David Wilson, david.w@example.com, Philadelphia
1a2b3c4d-5e6f-7g8h-9i0j-k1l2m3n4o5pC, Emma Thompson, emma.t@example.com, San Antonio
1a2b3c4d-5e6f-7g8h-9i0j-k1l2m3n4o5pD, Frank Garcia, frank.g@example.com, San Diego
1a2b3c4d-5e6f-7g8h-9i0j-k1l2m3n4o5pE, Grace Martinez, grace.m@example.com, Dallas
1a2b3c4d-5e6f-7g8h-9i0j-k1l2m3n4o5pF, Henry Rodriguez, henry.r@example.com, San Jose
1a2b3c4d-5e6f-7g8h-9i0j-k1l2m3n4o5pG, Isabella Lee, isabella.l@example.com, Austin
1a2b3c4d-5e6f-7g8h-9i0j-k1l2m3n4o5pH, Jack Walker, jack.w@example.com, Jacksonville
1a2b3c4d-5e6f-7g8h-9i0j-k1l2m3n4o5pI, Lily Hall, lily.h@example.com, San Francisco
1a2b3c4d-5e6f-7g8h-9i0j-k1l2m3n4o5pJ, Michael Young, michael.y@example.com, Columbus
1a2b3c4d-5e6f-7g8h-9i0j-k1l2m3n4o5pK, Natalie Hernandez, natalie.h@example.com, Fort Worth
1a2b3c4d-5e6f-7g8h-9i0j-k1l2m3n4o5pL, Oliver King, oliver.k@example.com, Charlotte
1a2b3c4d-5e6f-7g8h-9i0j-k1l2m3n4o5pM, Penelope Wright, penelope.w@example.com, Detroit
1a2b3c4d-5e6f-7g8h-9i0j-k1l2m3n4o5pN, Quentin Scott, quentin.s@example.com, El Paso
1a2b3c4d-5e6f-7g8h-9i0j-k1l2m3n4o5pO, Rachel Green, rachel.g@example.com, Seattle
1a2b3c4d-5e6f-7g8h-9i0j-k1l2m3n4o5p6, John Doe, johndoe@example.com, New York
1a2b3c4d-5e6f-7g8h-9i0j-k1l2m3n4o5p7, Jane Smith, janesmith@example.com, Los Angeles
1a2b3c4d-5e6f-7g8h-9i0j-k1l2m3n4o5p8, Alice Johnson, alice.j@example.com, Chicago
1a2b3c4d-5e6f-7g8h-9i0j-k1l2m3n4o5p9, Bob Brown, bob.brown@example.com, Houston
1a2b3c4d-5e6f-7g8h-9i0j-k1l2m3n4o5pA, Charlie Davis, charlie.d@example.com, Phoenix
1a2b3c4d-5e6f-7g8h-9i0j-k1l2m3n4o5pB, David Wilson, david.w@example.com, Philadelphia
1a2b3c4d-5e6f-7g8h-9i0j-k1l2m3n4o5pC, Emma Thompson, emma.t@example.com, San Antonio
1a2b3c4d-5e6f-7g8h-9i0j-k1l2m3n4o5pD, Frank Garcia, frank.g@example.com, San Diego
1a2b3c4d-5e6f-7g8h-9i0j-k1l2m3n4o5pE, Grace Martinez, grace.m@example.com, Dallas
1a2b3c4d-5e6f-7g8h-9i0j-k1l2m3n4o5pF, Henry Rodriguez, henry.r@example.com, San Jose
1a2b3c4d-5e6f-7g8h-9i0j-k1l2m3n4o5pG, Isabella Lee, isabella.l@example.com, Austin
1a2b3c4d-5e6f-7g8h-9i0j-k1l2m3n4o5pH, Jack Walker, jack.w@example.com, Jacksonville
1a2b3c4d-5e6f-7g8h-9i0j-k1l2m3n4o5pI, Lily Hall, lily.h@example.com, San Francisco
1a2b3c4d-5e6f-7g8h-9i0j-k1l2m3n4o5pJ, Michael Young, michael.y@example.com, Columbus
1a2b3c4d-5e6f-7g8h-9i0j-k1l2m3n4o5pK, Natalie Hernandez, natalie.h@example.com, Fort Worth
1a2b3c4d-5e6f-7g8h-9i0j-k1l2m3n4o5pL, Oliver King, oliver.k@example.com, Charlotte
1a2b3c4d-5e6f-7g8h-9i0j-k1l2m3n4o5pM, Penelope Wright, penelope.w@example.com, Detroit
1a2b3c4d-5e6f-7g8h-9i0j-k1l2m3n4o5pN, Quentin Scott, quentin.s@example.com, El Paso
1a2b3c4d-5e6f-7g8h-9i0j-k1l2m3n4o5pO, Rachel Green, rachel.g@example.com, Seattle
1a2b3c4d-5e6f-7g8h-9i0j-k1l2m3n4o5p6, John Doe, johndoe@example.com, New York
1a2b3c4d-5e6f-7g8h-9i0j-k1l2m3n4o5p7, Jane Smith, janesmith@example.com, Los Angeles
1a2b3c4d-5e6f-7g8h-9i0j-k1l2m3n4o5p8, Alice Johnson, alice.j@example.com, Chicago
1a2b3c4d-5e6f-7g8h-9i0j-k1l2m3n4o5p9, Bob Brown, bob.brown@example.com, Houston
1a2b3c4d-5e6f-7g8h-9i0j-k1l2m3n4o5pA, Charlie Davis, charlie.d@example.com, Phoenix
1a2b3c4d-5e6f-7g8h-9i0j-k1l2m3n4o5pB, David Wilson, david.w@example.com, Philadelphia
1a2b3c4d-5e6f-7g8h-9i0j-k1l2m3n4o5pC, Emma Thompson, emma.t@example.com, San Antonio
1a2b3c4d-5e6f-7g8h-9i0j-k1l2m3n4o5pD, Frank Garcia, frank.g@example.com, San Diego
1a2b3c4d-5e6f-7g8h-9i0j-k1l2m3n4o5pE, Grace Martinez, grace.m@example.com, Dallas
1a2b3c4d-5e6f-7g8h-9i0j-k1l2m3n4o5pF, Henry Rodriguez, henry.r@example.com, San Jose
1a2b3c4d-5e6f-7g8h-9i0j-k1l2m3n4o5pG, Isabella Lee, isabella.l@example.com, Austin
1a2b3c4d-5e6f-7g8h-9i0j-k1l2m3n4o5pH, Jack Walker, jack.w@example.com, Jacksonville
1a2b3c4d-5e6f-7g8h-9i0j-k1l2m3n4o5pI, Lily Hall, lily.h@example.com, San Francisco
1a2b3c4d-5e6f-7g8h-9i0j-k1l2m3n4o5pJ, Michael Young, michael.y@example.com, Columbus
1a2b3c4d-5e6f-7g8h-9i0j-k1l2m3n4o5pK, Natalie Hernandez, natalie.h@example.com, Fort Worth
1a2b3c4d-5e6f-7g8h-9i0j-k1l2m3n4o5pL, Oliver King, oliver.k@example.com, Charlotte
1a2b3c4d-5e6f-7g8h-9i0j-k1l2m3n4o5pM, Penelope Wright, penelope.w@example.com, Detroit
1a2b3c4d-5e6f-7g8h-9i0j-k1l2m3n4o5pN, Quentin Scott, quentin.s@example.com, El Paso
1a2b3c4d-5e6f-7g8h-9i0j-k1l2m3n4o5pO, Rachel Green, rachel.g@example.com, Seattle
1a2b3c4d-5e6f-7g8h-9i0j-k1l2m3n4o5p6, John Doe, johndoe@example.com, New York
1a2b3c4d-5e6f-7g8h-9i0j-k1l2m3n4o5p7, Jane Smith, janesmith@example.com, Los Angeles
1a2b3c4d-5e6f-7g8h-9i0j-k1l2m3n4o5p8, Alice Johnson, alice.j@example.com, Chicago
1a2b3c4d-5e6f-7g8h-9i0j-k1l2m3n4o5p9, Bob Brown, bob.brown@example.com, Houston
1a2b3c4d-5e6f-7g8h-9i0j-k1l2m3n4o5pA, Charlie Davis, charlie.d@example.com, Phoenix
1a2b3c4d-5e6f-7g8h-9i0j-k1l2m3n4o5pB, David Wilson, david.w@example.com, Philadelphia
1a2b3c4d-5e6f-7g8h-9i0j-k1l2m3n4o5pC, Emma Thompson, emma.t@example.com, San Antonio
1a2b3c4d-5e6f-7g8h-9i0j-k1l2m3n4o5pD, Frank Garcia, frank.g@example.com, San Diego
1a2b3c4d-5e6f-7g8h-9i0j-k1l2m3n4o5pE, Grace Martinez, grace.m@example.com, Dallas
1a2b3c4d-5e6f-7g8h-9i0j-k1l2m3n4o5pF, Henry Rodriguez, henry.r@example.com, San Jose
1a2b3c4d-5e6f-7g8h-9i0j-k1l2m3n4o5pG, Isabella Lee, isabella.l@example.com, Austin
1a2b3c4d-5e6f-7g8h-9i0j-k1l2m3n4o5pH, Jack Walker, jack.w@example.com, Jacksonville
1a2b3c4d-5e6f-7g8h-9i0j-k1l2m3n4o5pI, Lily Hall, lily.h@example.com, San Francisco
1a2b3c4d-5e6f-7g8h-9i0j-k1l2m3n4o5pJ, Michael Young, michael.y@example.com, Columbus
1a2b3c4d-5e6f-7g8h-9i0j-k1l2m3n4o5pK, Natalie Hernandez, natalie.h@example.com, Fort Worth
1a2b3c4d-5e6f-7g8h-9i0j-k1l2m3n4o5pL, Oliver King, oliver.k@example.com, Charlotte
1a2b3c4d-5e6f-7g8h-9i0j-k1l2m3n4o5pM, Penelope Wright, penelope.w@example.com, Detroit
1a2b3c4d-5e6f-7g8h-9i0j-k1l2m3n4o5pN, Quentin Scott, quentin.s@example.com, El Paso
1a2b3c4d-5e6f-7g8h-9i0j-k1l2m3n4o5pO, Rachel Green, rachel.g@example.com, Seattle
1a2b3c4d-5e6f-7g8h-9i0j-k1l2m3n4o5p6, John Doe, johndoe@example.com, New York
1a2b3c4d-5e6f-7g8h-9i0j-k1l2m3n4o5p7, Jane Smith, janesmith@example.com, Los Angeles
1a2b3c4d-5e6f-7g8h-9i0j-k1l2m3n4o5p8, Alice Johnson, alice.j@example.com, Chicago
1a2b3c4d-5e6f-7g8h-9i0j-k1l2m3n4o5p9, Bob Brown, bob.brown@example.com, Houston
1a2b3c4d-5e6f-7g8h-9i0j-k1l2m3n4o5pA, Charlie Davis, charlie.d@example.com, Phoenix
1a2b3c4d-5e6f-7g8h-9i0j-k1l2m3n4o5pB, David Wilson, david.w@example.com, Philadelphia
1a2b3c4d-5e6f-7g8h-9i0j-k1l2m3n4o5pC, Emma Thompson, emma.t@example.com, San Antonio
1a2b3c4d-5e6f-7g8h-9i0j-k1l2m3n4o5pD, Frank Garcia, frank.g@example.com, San Diego
1a2b3c4d-5e6f-7g8h-9i0j-k1l2m3n4o5pE, Grace Martinez, grace.m@example.com, Dallas
1a2b3c4d-5e6f-7g8h-9i0j-k1l2m3n4o5pF, Henry Rodriguez, henry.r@example.com, San Jose
1a2b3c4d-5e6f-7g8h-9i0j-k1l2m3n4o5pG, Isabella Lee, isabella.l@example.com, Austin
1a2b3c4d-5e6f-7g8h-9i0j-k1l2m3n4o5pH, Jack Walker, jack.w@example.com, Jacksonville
1a2b3c4d-5e6f-7g8h-9i0j-k1l2m3n4o5pI, Lily Hall, lily.h@example.com, San Francisco
1a2b3c4d-5e6f-7g8h-9i0j-k1l2m3n4o5pJ, Michael Young, michael.y@example.com, Columbus
1a2b3c4d-5e6f-7g8h-9i0j-k1l2m3n4o5pK, Natalie Hernandez, natalie.h@example.com, Fort Worth
1a2b3c4d-5e6f-7g8h-9i0j-k1l2m3n4o5pL, Oliver King, oliver.k@example.com, Charlotte
1a2b3c4d-5e6f-7g8h-9i0j-k1l2m3n4o5pM, Penelope Wright, penelope.w@example.com, Detroit
1a2b3c4d-5e6f-7g8h-9i0j-k1l2m3n4o5pN, Quentin Scott, quentin.s@example.com, El Paso
1a2b3c4d-5e6f-7g8h-9i0j-k1l2m3n4o5pO, Rachel Green, rachel.g@example.com, Seattle
1a2b3c4d-5e6f-7g8h-9i0j-k1l2m3n4o5p6, John Doe, johndoe@example.com, New York
1a2b3c4d-5e6f-7g8h-9i0j-k1l2m3n4o5p7, Jane Smith, janesmith@example.com, Los Angeles
1a2b3c4d-5e6f-7g8h-9i0j-k1l2m3n4o5p8, Alice Johnson, alice.j@example.com, Chicago
1a2b3c4d-5e6f-7g8h-9i0j-k1l2m3n4o5p9, Bob Brown, bob.brown@example.com, Houston
1a2b3c4d-5e6f-7g8h-9i0j-k1l2m3n4o5pA, Charlie Davis, charlie.d@example.com, Phoenix
1a2b3c4d-5e6f-7g8h-9i0j-k1l2m3n4o5pB, David Wilson, david.w@example.com, Philadelphia
1a2b3c4d-5e6f-7g8h-9i0j-k1l2m3n4o5pC, Emma Thompson, emma.t@example.com, San Antonio
1a2b3c4d-5e6f-7g8h-9i0j-k1l2m3n4o5pD, Frank Garcia, frank.g@example.com, San Diego
1a2b3c4d-5e6f-7g8h-9i0j-k1l2m3n4o5pE, Grace Martinez, grace.m@example.com, Dallas
1a2b3c4d-5e6f-7g8h-9i0j-k1l2m3n4o5pF, Henry Rodriguez, henry.r@example.com, San Jose
1a2b3c4d-5e6f-7g8h-9i0j-k1l2m3n4o5pG, Isabella Lee, isabella.l@example.com, Austin
1a2b3c4d-5e6f-7g8h-9i0j-k1l2m3n4o5pH, Jack Walker, jack.w@example.com, Jacksonville
1a2b3c4d-5e6f-7g8h-9i0j-k1l2m3n4o5pI, Lily Hall, lily.h@example.com, San Francisco
1a2b3c4d-5e6f-7g8h-9i0j-k1l2m3n4o5pJ, Michael Young, michael.y@example.com, Columbus
1a2b3c4d-5e6f-7g8h-9i0j-k1l2m3n4o5pK, Natalie Hernandez, natalie.h@example.com, Fort Worth
1a2b3c4d-5e6f-7g8h-9i0j-k1l2m3n4o5pL, Oliver King, oliver.k@example.com, Charlotte
1a2b3c4d-5e6f-7g8h-9i0j-k1l2m3n4o5pM, Penelope Wright, penelope.w@example.com, Detroit
1a2b3c4d-5e6f-7g8h-9i0j-k1l2m3n4o5pN, Quentin Scott, quentin.s@example.com, El Paso
1a2b3c4d-5e6f-7g8h-9i0j-k1l2m3n4o5pO, Rachel Green, rachel.g@example.com, Seattle
1a2b3c4d-5e6f-7g8h-9i0j-k1l2m3n4o5p6, John Doe, johndoe@example.com, New York
1a2b3c4d-5e6f-7g8h-9i0j-k1l2m3n4o5p7, Jane Smith, janesmith@example.com, Los Angeles
1a2b3c4d-5e6f-7g8h-9i0j-k1l2m3n4o5p8, Alice Johnson, alice.j@example.com, Chicago
1a2b3c4d-5e6f-7g8h-9i0j-k1l2m3n4o5p9, Bob Brown, bob.brown@example.com, Houston
1a2b3c4d-5e6f-7g8h-9i0j-k1l2m3n4o5pA, Charlie Davis, charlie.d@example.com, Phoenix
1a2b3c4d-5e6f-7g8h-9i0j-k1l2m3n4o5pB, David Wilson, david.w@example.com, Philadelphia
1a2b3c4d-5e6f-7g8h-9i0j-k1l2m3n4o5pC, Emma Thompson, emma.t@example.com, San Antonio
1a2b3c4d-5e6f-7g8h-9i0j-k1l2m3n4o5pD, Frank Garcia, frank.g@example.com, San Diego
1a2b3c4d-5e6f-7g8h-9i0j-k1l2m3n4o5pE, Grace Martinez, grace.m@example.com, Dallas
1a2b3c4d-5e6f-7g8h-9i0j-k1l2m3n4o5pF, Henry Rodriguez, henry.r@example.com, San Jose
1a2b3c4d-5e6f-7g8h-9i0j-k1l2m3n4o5pG, Isabella Lee, isabella.l@example.com, Austin
1a2b3c4d-5e6f-7g8h-9i0j-k1l2m3n4o5pH, Jack Walker, jack.w@example.com, Jacksonville
1a2b3c4d-5e6f-7g8h-9i0j-k1l2m3n4o5pI, Lily Hall, lily.h@example.com, San Francisco
1a2b3c4d-5e6f-7g8h-9i0j-k1l2m3n4o5pJ, Michael Young, michael.y@example.com, Columbus
1a2b3c4d-5e6f-7g8h-9i0j-k1l2m3n4o5pK, Natalie Hernandez, natalie.h@example.com, Fort Worth
1a2b3c4d-5e6f-7g8h-9i0j-k1l2m3n4o5pL, Oliver King, oliver.k@example.com, Charlotte
1a2b3c4d-5e6f-7g8h-9i0j-k1l2m3n4o5pM, Penelope Wright, penelope.w@example.com, Detroit
1a2b3c4d-5e6f-7g8h-9i0j-k1l2m3n4o5pN, Quentin Scott, quentin.s@example.com, El Paso
1a2b3c4d-5e6f-7g8h-9i0j-k1l2m3n4o5pO, Rachel Green, rachel.g@example.com, Seattle
1a2b3c4d-5e6f-7g8h-9i0j-k1l2m3n4o5p6, John Doe, johndoe@example.com, New York
1a2b3c4d-5e6f-7g8h-9i0j-k1l2m3n4o5p7, Jane Smith, janesmith@example.com, Los Angeles
1a2b3c4d-5e6f-7g8h-9i0j-k1l2m3n4o5p8, Alice Johnson, alice.j@example.com, Chicago
1a2b3c4d-5e6f-7g8h-9i0j-k1l2m3n4o5p9, Bob Brown, bob.brown@example.com, Houston
1a2b3c4d-5e6f-7g8h-9i0j-k1l2m3n4o5pA, Charlie Davis, charlie.d@example.com, Phoenix
1a2b3c4d-5e6f-7g8h-9i0j-k1l2m3n4o5pB, David Wilson, david.w@example.com, Philadelphia
1a2b3c4d-5e6f-7g8h-9i0j-k1l2m3n4o5pC, Emma Thompson, emma.t@example.com, San Antonio
1a2b3c4d-5e6f-7g8h-9i0j-k1l2m3n4o5pD, Frank Garcia, frank.g@example.com, San Diego
1a2b3c4d-5e6f-7g8h-9i0j-k1l2m3n4o5pE, Grace Martinez, grace.m@example.com, Dallas
1a2b3c4d-5e6f-7g8h-9i0j-k1l2m3n4o5pF, Henry Rodriguez, henry.r@example.com, San Jose
1a2b3c4d-5e6f-7g8h-9i0j-k1l2m3n4o5pG, Isabella Lee, isabella.l@example.com, Austin
1a2b3c4d-5e6f-7g8h-9i0j-k1l2m3n4o5pH, Jack Walker, jack.w@example.com, Jacksonville
1a2b3c4d-5e6f-7g8h-9i0j-k1l2m3n4o5pI, Lily Hall, lily.h@example.com, San Francisco
1a2b3c4d-5e6f-7g8h-9i0j-k1l2m3n4o5pJ, Michael Young, michael.y@example.com, Columbus
1a2b3c4d-5e6f-7g8h-9i0j-k1l2m3n4o5pK, Natalie Hernandez, natalie.h@example.com, Fort Worth
1a2b3c4d-5e6f-7g8h-9i0j-k1l2m3n4o5pL, Oliver King, oliver.k@example.com, Charlotte
1a2b3c4d-5e6f-7g8h-9i0j-k1l2m3n4o5pM, Penelope Wright, penelope.w@example.com, Detroit
1a2b3c4d-5e6f-7g8h-9i0j-k1l2m3n4o5pN, Quentin Scott, quentin.s@example.com, El Paso
1a2b3c4d-5e6f-7g8h-9i0j-k1l2m3n4o5pO, Rachel Green, rachel.g@example.com, Seattle
1a2b3c4d-5e6f-7g8h-9i0j-k1l2m3n4o5p6, John Doe, johndoe@example.com, New York
1a2b3c4d-5e6f-7g8h-9i0j-k1l2m3n4o5p7, Jane Smith, janesmith@example.com, Los Angeles
1a2b3c4d-5e6f-7g8h-9i0j-k1l2m3n4o5p8, Alice Johnson, alice.j@example.com, Chicago
1a2b3c4d-5e6f-7g8h-9i0j-k1l2m3n4o5p9, Bob Brown, bob.brown@example.com, Houston
1a2b3c4d-5e6f-7g8h-9i0j-k1l2m3n4o5pA, Charlie Davis, charlie.d@example.com, Phoenix
1a2b3c4d-5e6f-7g8h-9i0j-k1l2m3n4o5pB, David Wilson, david.w@example.com, Philadelphia
1a2b3c4d-5e6f-7g8h-9i0j-k1l2m3n4o5pC, Emma Thompson, emma.t@example.com, San Antonio
1a2b3c4d-5e6f-7g8h-9i0j-k1l2m3n4o5pD, Frank Garcia, frank.g@example.com, San Diego
1a2b3c4d-5e6f-7g8h-9i0j-k1l2m3n4o5pE, Grace Martinez, grace.m@example.com, Dallas
1a2b3c4d-5e6f-7g8h-9i0j-k1l2m3n4o5pF, Henry Rodriguez, henry.r@example.com, San Jose
1a2b3c4d-5e6f-7g8h-9i0j-k1l2m3n4o5pG, Isabella Lee, isabella.l@example.com, Austin
1a2b3c4d-5e6f-7g8h-9i0j-k1l2m3n4o5pH, Jack Walker, jack.w@example.com, Jacksonville
1a2b3c4d-5e6f-7g8h-9i0j-k1l2m3n4o5pI, Lily Hall, lily.h@example.com, San Francisco
1a2b3c4d-5e6f-7g8h-9i0j-k1l2m3n4o5pJ, Michael Young, michael.y@example.com, Columbus
1a2b3c4d-5e6f-7g8h-9i0j-k1l2m3n4o5pK, Natalie Hernandez, natalie.h@example.com, Fort Worth
1a2b3c4d-5e6f-7g8h-9i0j-k1l2m3n4o5pL, Oliver King, oliver.k@example.com, Charlotte
1a2b3c4d-5e6f-7g8h-9i0j-k1l2m3n4o5pM, Penelope Wright, penelope.w@example.com, Detroit
1a2b3c4d-5e6f-7g8h-9i0j-k1l2m3n4o5pN, Quentin Scott, quentin.s@example.com, El Paso
1a2b3c4d-5e6f-7g8h-9i0j-k1l2m3n4o5pO, Rachel Green, rachel.g@example.com, Seattle
1a2b3c4d-5e6f-7g8h-9i0j-k1l2m3n4o5p6, John Doe, johndoe@example.com, New York
1a2b3c4d-5e6f-7g8h-9i0j-k1l2m3n4o5p7, Jane Smith, janesmith@example.com, Los Angeles
1a2b3c4d-5e6f-7g8h-9i0j-k1l2m3n4o5p8, Alice Johnson, alice.j@example.com, Chicago
1a2b3c4d-5e6f-7g8h-9i0j-k1l2m3n4o5p9, Bob Brown, bob.brown@example.com, Houston
1a2b3c4d-5e6f-7g8h-9i0j-k1l2m3n4o5pA, Charlie Davis, charlie.d@example.com, Phoenix
1a2b3c4d-5e6f-7g8h-9i0j-k1l2m3n4o5pB, David Wilson, david.w@example.com, Philadelphia
1a2b3c4d-5e6f-7g8h-9i0j-k1l2m3n4o5pC, Emma Thompson, emma.t@example.com, San Antonio
1a2b3c4d-5e6f-7g8h-9i0j-k1l2m3n4o5pD, Frank Garcia, frank.g@example.com, San Diego
1a2b3c4d-5e6f-7g8h-9i0j-k1l2m3n4o5pE, Grace Martinez, grace.m@example.com, Dallas
1a2b3c4d-5e6f-7g8h-9i0j-k1l2m3n4o5pF, Henry Rodriguez, henry.r@example.com, San Jose
1a2b3c4d-5e6f-7g8h-9i0j-k1l2m3n4o5pG, Isabella Lee, isabella.l@example.com, Austin
1a2b3c4d-5e6f-7g8h-9i0j-k1l2m3n4o5pH, Jack Walker, jack.w@example.com, Jacksonville
1a2b3c4d-5e6f-7g8h-9i0j-k1l2m3n4o5pI, Lily Hall, lily.h@example.com, San Francisco
1a2b3c4d-5e6f-7g8h-9i0j-k1l2m3n4o5pJ, Michael Young, michael.y@example.com, Columbus
1a2b3c4d-5e6f-7g8h-9i0j-k1l2m3n4o5pK, Natalie Hernandez, natalie.h@example.com, Fort Worth
1a2b3c4d-5e6f-7g8h-9i0j-k1l2m3n4o5pL, Oliver King, oliver.k@example.com, Charlotte
1a2b3c4d-5e6f-7g8h-9i0j-k1l2m3n4o5pM, Penelope Wright, penelope.w@example.com, Detroit
1a2b3c4d-5e6f-7g8h-9i0j-k1l2m3n4o5pN, Quentin Scott, quentin.s@example.com, El Paso
1a2b3c4d-5e6f-7g8h-9i0j-k1l2m3n4o5pO, Rachel Green, rachel.g@example.com, Seattle
1a2b3c4d-5e6f-7g8h-9i0j-k1l2m3n4o5p6, John Doe, johndoe@example.com, New York
1a2b3c4d-5e6f-7g8h-9i0j-k1l2m3n4o5p7, Jane Smith, janesmith@example.com, Los Angeles
1a2b3c4d-5e6f-7g8h-9i0j-k1l2m3n4o5p8, Alice Johnson, alice.j@example.com, Chicago
1a2b3c4d-5e6f-7g8h-9i0j-k1l2m3n4o5p9, Bob Brown, bob.brown@example.com, Houston
1a2b3c4d-5e6f-7g8h-9i0j-k1l2m3n4o5pA, Charlie Davis, charlie.d@example.com, Phoenix
1a2b3c4d-5e6f-7g8h-9i0j-k1l2m3n4o5pB, David Wilson, david.w@example.com, Philadelphia
1a2b3c4d-5e6f-7g8h-9i0j-k1l2m3n4o5pC, Emma Thompson, emma.t@example.com, San Antonio
1a2b3c4d-5e6f-7g8h-9i0j-k1l2m3n4o5pD, Frank Garcia, frank.g@example.com, San Diego
1a2b3c4d-5e6f-7g8h-9i0j-k1l2m3n4o5pE, Grace Martinez, grace.m@example.com, Dallas
1a2b3c4d-5e6f-7g8h-9i0j-k1l2m3n4o5pF, Henry Rodriguez, henry.r@example.com, San Jose
1a2b3c4d-5e6f-7g8h-9i0j-k1l2m3n4o5pG, Isabella Lee, isabella.l@example.com, Austin
1a2b3c4d-5e6f-7g8h-9i0j-k1l2m3n4o5pH, Jack Walker, jack.w@example.com, Jacksonville
1a2b3c4d-5e6f-7g8h-9i0j-k1l2m3n4o5pI, Lily Hall, lily.h@example.com, San Francisco
1a2b3c4d-5e6f-7g8h-9i0j-k1l2m3n4o5pJ, Michael Young, michael.y@example.com, Columbus
1a2b3c4d-5e6f-7g8h-9i0j-k1l2m3n4o5pK, Natalie Hernandez, natalie.h@example.com, Fort Worth
1a2b3c4d-5e6f-7g8h-9i0j-k1l2m3n4o5pL, Oliver King, oliver.k@example.com, Charlotte
1a2b3c4d-5e6f-7g8h-9i0j-k1l2m3n4o5pM, Penelope Wright, penelope.w@example.com, Detroit
1a2b3c4d-5e6f-7g8h-9i0j-k1l2m3n4o5pN, Quentin Scott, quentin.s@example.com, El Paso
1a2b3c4d-5e6f-7g8h-9i0j-k1l2m3n4o5pO, Rachel Green, rachel.g@example.com, Seattle